query_id,router_dequeue_0,router_dequeue_1,router_enqueue_0,router_enqueue_1,router_recv_result_0,router_recv_result_1,worker_done_0,worker_done_1,worker_start_0,worker_start_1
100,1607204970657048,1607204972788113,1607204945360273,1607204971964088,1607204971950404,1607204974058204,1607204971924448,1607204974020463,1607204970658824,1607204972795199
101,1607204970657053,1607204972788118,1607204945372002,1607204971964264,1607204971950437,1607204974058230,1607204971924449,1607204974020464,1607204970658825,1607204972795200
102,1607204971950180,1607204974058028,1607204945383835,1607204973279204,1607204973263064,1607204975345926,1607204973240871,1607204975333044,1607204971952028,1607204974076402
103,1607204971950194,1607204974058040,1607204945395645,1607204973281090,1607204973266262,1607204975355020,1607204973240875,1607204975333047,1607204971952031,1607204974076408
104,1607204971950199,1607204974058044,1607204945407844,1607204973281343,1607204973266301,1607204975355059,1607204973240876,1607204975333048,1607204971952032,1607204974076410
105,1607204971950204,1607204974058047,1607204945419758,1607204973281783,1607204973266336,1607204975355092,1607204973240877,1607204975333049,1607204971952032,1607204974076412
106,1607204973266095,1607204975354841,1607204945431158,1607204974577286,1607204974563657,1607204976613991,1607204974541272,1607204976597015,1607204973267959,1607204975373004
107,1607204973266109,1607204975354855,1607204945442875,1607204974578837,1607204974566814,1607204976627782,1607204974541276,1607204976597019,1607204973267962,1607204975373008
108,1607204973266114,1607204975354860,1607204945454667,1607204974580103,1607204974566852,1607204976627823,1607204974541277,1607204976597020,1607204973267963,1607204975373010
109,1607204973266119,1607204975354865,1607204945466732,1607204974580469,1607204974566887,1607204976627855,1607204974541278,1607204976597020,1607204973267964,1607204975373011
110,1607204974566647,1607204976627600,1607204945478507,1607204975883267,1607204975869879,1607204977902553,1607204975850282,1607204977888946,1607204974568680,1607204976633829
111,1607204974566661,1607204976627615,1607204945490322,1607204975884744,1607204975873030,1607204977923322,1607204975850286,1607204977888950,1607204974568683,1607204976633833
112,1607204974566666,1607204976627622,1607204945502387,1607204975886454,1607204975873071,1607204977923354,1607204975850287,1607204977888951,1607204974568684,1607204976633835
113,1607204974566671,1607204976627627,1607204945514176,1607204975886632,1607204975873106,1607204977923380,1607204975850288,1607204977888952,1607204974568685,1607204976633836
114,1607204975872861,1607204977923165,1607204945525695,1607204977148686,1607204977135517,1607204979170649,1607204977114108,1607204979157450,1607204975874895,1607204977929489
115,1607204975872874,1607204977923178,1607204945537706,1607204977149967,1607204977138624,1607204979186042,1607204977114112,1607204979157453,1607204975874898,1607204977929495
116,1607204975872880,1607204977923183,1607204945549682,1607204977151425,1607204977138661,1607204979186070,1607204977114113,1607204979157454,1607204975874899,1607204977929496
117,1607204975872885,1607204977923186,1607204945561362,1607204977151765,1607204977138693,1607204979186094,1607204977114113,1607204979157455,1607204975874901,1607204977929498
118,1607204977138461,1607204979185897,1607204945573425,1607204978446151,1607204978432308,1607204980436683,1607204978410174,1607204980421620,1607204977140262,1607204979192560
119,1607204977138474,1607204979185908,1607204945585296,1607204978447606,1607204978435467,1607204980451867,1607204978410178,1607204980421624,1607204977140265,1607204979192566
120,1607204977138480,1607204979185912,1607204945596948,1607204978449358,1607204978435506,1607204980451897,1607204978410179,1607204980421625,1607204977140266,1607204979192568
121,1607204977138484,1607204979185916,1607204945608830,1607204978449537,1607204978435540,1607204980451934,1607204978410180,1607204980421626,1607204977140266,1607204979192570
122,1607204978435299,1607204980451722,1607204945620707,1607204979751083,1607204979736322,1607204981716385,1607204979714671,1607204981702779,1607204978437184,1607204980458172
123,1607204978435313,1607204980451734,1607204945632298,1607204979752609,1607204979739576,1607204981734310,1607204979714675,1607204981702783,1607204978437187,1607204980458178
124,1607204978435318,1607204980451738,1607204945644139,1607204979753888,1607204979739616,1607204981734341,1607204979714676,1607204981702784,1607204978437188,1607204980458180
125,1607204978435322,1607204980451741,1607204945655933,1607204979754306,1607204979739649,1607204981734367,1607204979714676,1607204981702785,1607204978437189,1607204980458181
126,1607204979739410,1607204981734155,1607204945667603,1607204981046876,1607204981030942,1607204982980959,1607204981009921,1607204982967382,1607204979741138,1607204981740893
127,1607204979739424,1607204981734167,1607204945679205,1607204981048195,1607204981034892,1607204982996558,1607204981009925,1607204982967386,1607204979741140,1607204981740898
128,1607204979739429,1607204981734171,1607204945691006,1607204981049706,1607204981034943,1607204982996587,1607204981009926,1607204982967387,1607204979741141,1607204981740900
129,1607204979739434,1607204981734175,1607204945702876,1607204981050057,1607204981034995,1607204982996612,1607204981009926,1607204982967388,1607204979741142,1607204981740902
130,1607204981034694,1607204982996415,1607204945714589,1607204982347893,1607204982334177,1607204984241558,1607204982312652,1607204984228206,1607204981036516,1607204983002594
131,1607204981034708,1607204982996427,1607204945726439,1607204982349498,1607204982337346,1607204984257008,1607204982312656,1607204984228209,1607204981036519,1607204983002600
132,1607204981034712,1607204982996431,1607204945738407,1607204982350747,1607204982337390,1607204984257045,1607204982312657,1607204984228210,1607204981036520,1607204983002602
133,1607204981034718,1607204982996434,1607204945750305,1607204982351128,1607204982337461,1607204984257076,1607204982312658,1607204984228211,1607204981036521,1607204983002604
134,1607204982337185,1607204984256833,1607204945762003,1607204983646411,1607204983632965,1607204985498955,1607204983610618,1607204985482887,1607204982338853,1607204984263091
135,1607204982337198,1607204984256847,1607204945773838,1607204983648039,1607204983636125,1607204985518007,1607204983610621,1607204985482891,1607204982338855,1607204984263096
136,1607204982337204,1607204984256852,1607204945785878,1607204983649736,1607204983636169,1607204985518036,1607204983610622,1607204985482892,1607204982338856,1607204984263098
137,1607204982337208,1607204984256857,1607204945797436,1607204983649915,1607204983636218,1607204985518061,1607204983610623,1607204985482892,1607204982338857,1607204984263099
138,1607204983635958,1607204985517857,1607204945809341,1607204984949640,1607204984935858,1607204986789191,1607204984914100,1607204986772851,1607204983637723,1607204985524114
139,1607204983635971,1607204985517870,1607204945821200,1607204984951221,1607204984939102,1607204986804941,1607204984914104,1607204986772855,1607204983637726,1607204985524118
140,1607204983635977,1607204985517873,1607204945833024,1607204984952510,1607204984939150,1607204986804971,1607204984914105,1607204986772856,1607204983637727,1607204985524120
141,1607204983635981,1607204985517878,1607204945845184,1607204984952876,1607204984939184,1607204986804998,1607204984914106,1607204986772857,1607204983637728,1607204985524121
142,1607204984938928,1607204986804796,1607204945856886,1607204986251398,1607204986237847,1607204988063961,1607204986218902,1607204988041928,1607204984940724,1607204986810973
143,1607204984938941,1607204986804808,1607204945868622,1607204986252953,1607204986241026,1607204988083640,1607204986218906,1607204988041931,1607204984940728,1607204986810977
144,1607204984938946,1607204986804811,1607204945880451,1607204986254218,1607204986241069,1607204988083668,1607204986218907,1607204988041932,1607204984940729,1607204986810979
145,1607204984938950,1607204986804814,1607204945892146,1607204986254600,1607204986241105,1607204988083691,1607204986218907,1607204988041933,1607204984940730,1607204986810980
146,1607204986240861,1607204988083493,1607204945904044,1607204987511234,1607204987497837,1607204989354434,1607204987475407,1607204989335619,1607204986242556,1607204988090657
147,1607204986240874,1607204988083505,1607204945915839,1607204987513068,1607204987501017,1607204989369922,1607204987475411,1607204989335623,1607204986242559,1607204988090663
148,1607204986240879,1607204988083509,1607204945927803,1607204987513255,1607204987501060,1607204989369952,1607204987475412,1607204989335624,1607204986242560,1607204988090666
149,1607204986240884,1607204988083512,1607204945939457,1607204987514722,1607204987501093,1607204989369975,1607204987475413,1607204989335625,1607204986242561,1607204988090668
150,1607204987500837,1607204989369780,1607204945951694,1607204988817645,1607204988803883,1607204990629084,1607204988781778,1607204990609477,1607204987502570,1607204989376132
151,1607204987500850,1607204989369791,1607204945963180,1607204988819138,1607204988807126,1607204990644875,1607204988781782,1607204990609481,1607204987502573,1607204989376137
152,1607204987500856,1607204989369795,1607204945974891,1607204988820374,1607204988807177,1607204990644904,1607204988781783,1607204990609482,1607204987502575,1607204989376139
153,1607204987500860,1607204989369799,1607204945986682,1607204988820734,1607204988807210,1607204990644932,1607204988781784,1607204990609483,1607204987502575,1607204989376140
154,1607204988806945,1607204990644731,1607204945998518,1607204990112321,1607204990098369,1607204991895741,1607204990079889,1607204991875867,1607204988808736,1607204990651682
155,1607204988806958,1607204990644742,1607204946010599,1607204990113597,1607204990101587,1607204991912292,1607204990079893,1607204991875870,1607204988808740,1607204990651687
156,1607204988806963,1607204990644746,1607204946022170,1607204990113965,1607204990101644,1607204991912321,1607204990079894,1607204991875871,1607204988808740,1607204990651689
157,1607204988806968,1607204990644750,1607204946034346,1607204990115627,1607204990101678,1607204991912349,1607204990079895,1607204991875872,1607204988808741,1607204990651691
158,1607204990101427,1607204991912146,1607204946046055,1607204991375407,1607204991361806,1607204993164640,1607204991343174,1607204993150963,1607204990103133,1607204991918938
159,1607204990101440,1607204991912158,1607204946058263,1607204991377642,1607204991365032,1607204993184786,1607204991343178,1607204993150967,1607204990103135,1607204991918944
160,1607204990101446,1607204991912163,1607204946069872,1607204991379369,1607204991365104,1607204993184818,1607204991343179,1607204993150968,1607204990103136,1607204991918946
161,1607204990101450,1607204991912166,1607204946082004,1607204991379752,1607204991365139,1607204993184843,1607204991343179,1607204993150969,1607204990103137,1607204991918947
162,1607204991364872,1607204993184638,1607204946093700,1607204992636962,1607204992622812,1607204994432551,1607204992604008,1607204994419237,1607204991366520,1607204993191496
163,1607204991364885,1607204993184650,1607204946105575,1607204992638319,1607204992626013,1607204994448186,1607204992604011,1607204994419241,1607204991366522,1607204993191501
164,1607204991364890,1607204993184655,1607204946117430,1607204992640056,1607204992626055,1607204994448215,1607204992604012,1607204994419242,1607204991366524,1607204993191503
165,1607204991364895,1607204993184658,1607204946129196,1607204992640508,1607204992626113,1607204994448243,1607204992604013,1607204994419243,1607204991366524,1607204993191505
166,1607204992625832,1607204994448048,1607204946141126,1607204993899612,1607204993885410,1607204995693446,1607204993865442,1607204995679658,1607204992627504,1607204994454173
167,1607204992625845,1607204994448059,1607204946152927,1607204993901027,1607204993888662,1607204995709110,1607204993865446,1607204995679663,1607204992627507,1607204994454178
168,1607204992625850,1607204994448063,1607204946165006,1607204993902789,1607204993888706,1607204995709140,1607204993865447,1607204995679664,1607204992627508,1607204994454181
169,1607204992625854,1607204994448067,1607204946176515,1607204993903210,1607204993888766,1607204995709167,1607204993865448,1607204995679664,1607204992627508,1607204994454182
170,1607204993888494,1607204995708958,1607204946188479,1607204995154571,1607204995140747,1607204996949956,1607204995118758,1607204996936708,1607204993890283,1607204995715077
171,1607204993888507,1607204995708969,1607204946200207,1607204995156009,1607204995143895,1607204996977103,1607204995118761,1607204996936711,1607204993890285,1607204995715081
172,1607204993888512,1607204995708974,1607204946212221,1607204995157618,1607204995143953,1607204996977133,1607204995118762,1607204996936712,1607204993890287,1607204995715083
173,1607204993888517,1607204995708978,1607204946224024,1607204995157961,1607204995144001,1607204996977163,1607204995118763,1607204996936714,1607204993890288,1607204995715084
174,1607204995143735,1607204996976919,1607204946235885,1607204996412090,1607204996398579,1607204998222843,1607204996375906,1607204998204841,1607204995145526,1607204996982853
175,1607204995143748,1607204996976933,1607204946247456,1607204996413307,1607204996401757,1607204998233983,1607204996375924,1607204998204845,1607204995145529,1607204996982857
176,1607204995143754,1607204996976938,1607204946259108,1607204996414875,1607204996401822,1607204998234034,1607204996375925,1607204998204846,1607204995145530,1607204996982859
177,1607204995143758,1607204996976945,1607204946271549,1607204996415237,1607204996401865,1607204998234067,1607204996375926,1607204998204847,1607204995145531,1607204996982860
178,1607204996401596,1607204998233816,1607204946283610,1607204997674815,1607204997655197,1607204999476769,1607204997632283,1607204999462539,1607204996403384,1607204998239685
179,1607204996401609,1607204998233830,1607204946295528,1607204997678466,1607204997658331,1607204999493021,1607204997632287,1607204999462543,1607204996403387,1607204998239690
180,1607204996401614,1607204998233835,1607204946307515,1607204997678594,1607204997658374,1607204999493052,1607204997632287,1607204999462544,1607204996403388,1607204998239692
181,1607204996401619,1607204998233839,1607204946319293,1607204997678896,1607204997658407,1607204999493077,1607204997632288,1607204999462545,1607204996403389,1607204998239693
182,1607204997658172,1607204999492883,1607204946331125,1607204998942580,1607204998927455,1607205000744620,1607204998895532,1607205000728901,1607204997659992,1607204999499003
183,1607204997658184,1607204999492892,1607204946343001,1607204998944474,1607204998931793,1607205000760211,1607204998895536,1607205000728905,1607204997659994,1607204999499007
184,1607204997658189,1607204999492896,1607204946355159,1607204998946226,1607204998931841,1607205000760251,1607204998895537,1607205000728906,1607204997659995,1607204999499009
185,1607204997658194,1607204999492900,1607204946366925,1607204998946580,1607204998931879,1607205000760285,1607204998895538,1607205000728907,1607204997659997,1607204999499010
186,1607204998931582,1607205000760035,1607204946380647,1607205000209996,1607205000196046,1607205002006504,1607205000170187,1607205001990262,1607204998933770,1607205000765914
187,1607204998931598,1607205000760049,1607204946390722,1607205000211425,1607205000199253,1607205002024535,1607205000170190,1607205001990266,1607204998933774,1607205000765919
188,1607204998931604,1607205000760055,1607204946402474,1607205000212982,1607205000199296,1607205002024565,1607205000170191,1607205001990267,1607204998933776,1607205000765921
189,1607204998931609,1607205000760059,1607204946414279,1607205000213154,1607205000199335,1607205002024591,1607205000170192,1607205001990268,1607204998933777,1607205000765922
190,1607205000199081,1607205002024390,1607204946426725,1607205001459271,1607205001445725,1607205003290169,1607205001424723,1607205003273801,1607205000200915,1607205002031121
191,1607205000199094,1607205002024403,1607204946438158,1607205001460502,1607205001448949,1607205003307335,1607205001424727,1607205003273804,1607205000200918,1607205002031127
192,1607205000199098,1607205002024407,1607204946449973,1607205001462043,1607205001448988,1607205003307376,1607205001424728,1607205003273805,1607205000200919,1607205002031129
193,1607205000199103,1607205002024411,1607204946462001,1607205001462464,1607205001449024,1607205003307410,1607205001424728,1607205003273806,1607205000200920,1607205002031131
194,1607205001448782,1607205003307155,1607204946473632,1607205002721368,1607205002707936,1607205004581955,1607205002686818,1607205004568152,1607205001450463,1607205003313036
195,1607205001448795,1607205003307170,1607204946485687,1607205002723386,1607205002711103,1607205004591174,1607205002686823,1607205004568156,1607205001450466,1607205003313040
196,1607205001448800,1607205003307175,1607204946497683,1607205002724761,1607205002711152,1607205004591214,1607205002686823,1607205004568157,1607205001450467,1607205003313041
197,1607205001448804,1607205003307180,1607204946509424,1607205002725124,1607205002711187,1607205004591248,1607205002686824,1607205004568158,1607205001450469,1607205003313043
198,1607205002710940,1607205004591008,1607204946521053,1607205004002643,1607205003986873,1607205005832852,1607205003966324,1607205005816878,1607205002712684,1607205004596931
199,1607205002710952,1607205004591021,1607204946532977,1607205004002794,1607205003990174,1607205005841989,1607205003966328,1607205005816882,1607205002712689,1607205004596939
200,1607205002710957,1607205004591027,1607204946544940,1607205004004432,1607205003990215,1607205005842029,1607205003966328,1607205005816882,1607205002712690,1607205004596940
201,1607205002710961,1607205004591031,1607204946556593,1607205004005024,1607205003990253,1607205005842066,1607205003966329,1607205005816883,1607205002712691,1607205004596941
202,1607205003990008,1607205005841824,1607204946568411,1607205005307369,1607205005293195,1607205007086667,1607205005274803,1607205007070228,1607205003991778,1607205005847521
203,1607205003990021,1607205005841837,1607204946580369,1607205005309241,1607205005296507,1607205007100560,1607205005274806,1607205007070232,1607205003991780,1607205005847525
204,1607205003990026,1607205005841842,1607204946592375,1607205005310550,1607205005296549,1607205007100589,1607205005274807,1607205007070233,1607205003991781,1607205005847527
205,1607205003990031,1607205005841847,1607204946604252,1607205005310914,1607205005296593,1607205007100616,1607205005274808,1607205007070234,1607205003991782,1607205005847528
206,1607205005296343,1607205007100416,1607204946616008,1607205006570227,1607205006555108,1607205008355215,1607205006533793,1607205008337607,1607205005297976,1607205007106975
207,1607205005296357,1607205007100427,1607204946627675,1607205006571944,1607205006558288,1607205008371855,1607205006533798,1607205008337610,1607205005297979,1607205007106980
208,1607205005296362,1607205007100432,1607204946639602,1607205006573296,1607205006558335,1607205008371885,1607205006533799,1607205008337611,1607205005297980,1607205007106982
209,1607205005296366,1607205007100435,1607204946651603,1607205006573666,1607205006558398,1607205008371934,1607205006533799,1607205008337612,1607205005297981,1607205007106984
21,1607204944428080,1607204945679416,1607204944426655,1607204945677964,1607204945668739,1607204946949606,1607204945666388,1607204946947136,1607204944429171,1607204945681392
210,1607205006558132,1607205008371712,1607204946663295,1607205007864951,1607205007848483,1607205009669097,1607205007825023,1607205009646741,1607205006559985,1607205008378126
211,1607205006558145,1607205008371723,1607204946675259,1607205007866823,1607205007853381,1607205009684805,1607205007825028,1607205009646744,1607205006559988,1607205008378131
212,1607205006558150,1607205008371727,1607204946686972,1607205007868419,1607205007853429,1607205009684845,1607205007825028,1607205009646746,1607205006559989,1607205008378132
213,1607205006558155,1607205008371731,1607204946699152,1607205007868600,1607205007853474,1607205009684879,1607205007825029,1607205009646747,1607205006559990,1607205008378134
214,1607205007853039,1607205009684639,1607204946710695,1607205009135849,1607205009120329,1607205010962713,1607205009098383,1607205010943962,1607205007854729,1607205009690666
215,1607205007853061,1607205009684652,1607204946722672,1607205009137238,1607205009123422,1607205010978789,1607205009098387,1607205010943966,1607205007854731,1607205009690672
216,1607205007853066,1607205009684657,1607204946734625,1607205009137474,1607205009123465,1607205010978819,1607205009098388,1607205010943966,1607205007854733,1607205009690674
217,1607205007853071,1607205009684661,1607204946746312,1607205009137914,1607205009123505,1607205010978843,1607205009098389,1607205010943967,1607205007854734,1607205009690676
218,1607205009123273,1607205010978648,1607204946758102,1607205010477274,1607205010461767,1607205012230002,1607205010439877,1607205012214689,1607205009125048,1607205010985819
219,1607205009123285,1607205010978659,1607204946770156,1607205010477426,1607205010464885,1607205012239619,1607205010439881,1607205012214693,1607205009125051,1607205010985826
22,1607204945671702,1607204947094262,1607204944438372,1607204947089396,1607204947068142,1607204948360079,1607204947041085,1607204948354407,1607204945680121,1607204947098146
220,1607205009123290,1607205010978663,1607204946781720,1607205010478834,1607205010464933,1607205012239658,1607205010439882,1607205012214693,1607205009125052,1607205010985828
221,1607205009123294,1607205010978667,1607204946793663,1607205010479431,1607205010464969,1607205012239692,1607205010439883,1607205012214694,1607205009125053,1607205010985830
222,1607205010464733,1607205012239457,1607204946805912,1607205011777149,1607205011759226,1607205013505473,1607205011736176,1607205013488806,1607205010466545,1607205012244968
223,1607205010464745,1607205012239470,1607204946817494,1607205011778787,1607205011762631,1607205013523163,1607205011736180,1607205013488809,1607205010466548,1607205012244973
224,1607205010464751,1607205012239475,1607204946829207,1607205011780786,1607205011762676,1607205013523191,1607205011736181,1607205013488810,1607205010466549,1607205012244974
225,1607205010464755,1607205012239479,1607204946841101,1607205011780962,1607205011762716,1607205013523216,1607205011736182,1607205013488811,1607205010466550,1607205012244975
226,1607205011762461,1607205013522978,1607204946852864,1607205013044893,1607205013029236,1607205014783842,1607205013007370,1607205014767688,1607205011764528,1607205013529724
227,1607205011762473,1607205013522994,1607204946865169,1607205013046748,1607205013032303,1607205014802641,1607205013007374,1607205014767695,1607205011764532,1607205013529729
228,1607205011762478,1607205013523000,1607204946876625,1607205013048236,1607205013032351,1607205014802667,1607205013007375,1607205014767696,1607205011764533,1607205013529731
229,1607205011762483,1607205013523005,1607204946888156,1607205013048415,1607205013032390,1607205014802688,1607205013007376,1607205014767696,1607205011764534,1607205013529733
23,1607204945671714,1607204948376021,1607204944450070,1607204947096801,1607204947071410,1607204949671394,1607204947041089,1607204949656601,1607204945680122,1607204948384622
230,1607205013032147,1607205014802502,1607204946899963,1607205014338239,1607205014324134,1607205016054781,1607205014305555,1607205016040119,1607205013033908,1607205014814230
231,1607205013032160,1607205014802514,1607204946911979,1607205014340420,1607205014327221,1607205016074566,1607205014305559,1607205016040123,1607205013033911,1607205014814237
232,1607205013032165,1607205014802518,1607204946923737,1607205014341851,1607205014327273,1607205016074593,1607205014305560,1607205016040124,1607205013033912,1607205014814239
233,1607205013032169,1607205014802521,1607204946935535,1607205014342027,1607205014327316,1607205016074617,1607205014305561,1607205016040125,1607205013033913,1607205014814242
234,1607205014327064,1607205016074420,1607204946947470,1607205015606006,1607205015592618,1607205017320479,1607205015570245,1607205017304839,1607205014328795,1607205016084930
235,1607205014327078,1607205016074432,1607204946959326,1607205015607571,1607205015595672,1607205017336707,1607205015570251,1607205017304842,1607205014328798,1607205016084934
236,1607205014327083,1607205016074436,1607204946970911,1607205015609042,1607205015595717,1607205017336752,1607205015570252,1607205017304843,1607205014328799,1607205016084936
237,1607205014327088,1607205016074440,1607204946982648,1607205015609384,1607205015595757,1607205017336788,1607205015570253,1607205017304844,1607205014328800,1607205016084937
238,1607205015595507,1607205017336520,1607204946994387,1607205016909226,1607205016896121,1607205018580477,1607205016875448,1607205018561970,1607205015597736,1607205017342156
239,1607205015595520,1607205017336536,1607204947006301,1607205016910736,1607205016899219,1607205018595744,1607205016875452,1607205018561974,1607205015597739,1607205017342161
24,1607204945671719,1607204948376034,1607204944461972,1607204947097051,1607204947071449,1607204949691591,1607204947041090,1607204949656605,1607204945680123,1607204948384626
240,1607205015595525,1607205017336542,1607204947018463,1607205016911095,1607205016899261,1607205018595772,1607205016875453,1607205018561975,1607205015597741,1607205017342162
241,1607205015595530,1607205017336547,1607204947029909,1607205016912804,1607205016899308,1607205018595797,1607205016875454,1607205018561976,1607205015597742,1607205017342163
242,1607205016899051,1607205018595600,1607204947041683,1607205018199226,1607205018186060,1607205019847861,1607205018165233,1607205019829545,1607205016900843,1607205018602255
243,1607205016899072,1607205018595611,1607204947054020,1607205018201097,1607205018189214,1607205019863052,1607205018165237,1607205019829548,1607205016900846,1607205018602261
244,1607205016899077,1607205018595616,1607204947082507,1607205018201278,1607205018189256,1607205019863081,1607205018165238,1607205019829549,1607205016900847,1607205018602263
245,1607205016899086,1607205018595619,1607204947083790,1607205018202875,1607205018189302,1607205019863107,1607205018165239,1607205019829550,1607205016900848,1607205018602265
246,1607205018189047,1607205019862904,1607204947090138,1607205019492597,1607205019478654,1607205021122967,1607205019460063,1607205021109288,1607205018190824,1607205019869353
247,1607205018189060,1607205019862916,1607204947102383,1607205019492993,1607205019481798,1607205021138523,1607205019460067,1607205021109291,1607205018190827,1607205019869358
248,1607205018189065,1607205019862920,1607204947114280,1607205019495705,1607205019481836,1607205021138565,1607205019460068,1607205021109292,1607205018190828,1607205019869360
249,1607205018189069,1607205019862923,1607204947126174,1607205019497808,1607205019481889,1607205021138599,1607205019460069,1607205021109293,1607205018190829,1607205019869361
25,1607204945671723,1607204948376038,1607204944473915,1607204947097508,1607204947071482,1607204949691618,1607204947041092,1607204949656606,1607204945680124,1607204948384628
250,1607205019481643,1607205021138341,1607204947138053,1607205020751492,1607205020738052,1607205022378268,1607205020719251,1607205022364960,1607205019483344,1607205021144252
251,1607205019481655,1607205021138356,1607204947150047,1607205020753065,1607205020741169,1607205022393815,1607205020719258,1607205022364967,1607205019483347,1607205021144257
252,1607205019481660,1607205021138361,1607204947161762,1607205020755161,1607205020741213,1607205022393856,1607205020719259,1607205022364969,1607205019483348,1607205021144259
253,1607205019481665,1607205021138366,1607204947173784,1607205020755343,1607205020741253,1607205022393892,1607205020719260,1607205022364970,1607205019483349,1607205021144260
254,1607205020741009,1607205022393634,1607204947185529,1607205022017658,1607205022002083,1607205023621001,1607205021979424,1607205023608801,1607205020742754,1607205022399654
255,1607205020741022,1607205022393649,1607204947197193,1607205022018950,1607205022005244,1607205023636311,1607205021979428,1607205023608805,1607205020742757,1607205022399659
256,1607205020741027,1607205022393655,1607204947208812,1607205022019195,1607205022005287,1607205023636341,1607205021979429,1607205023608806,1607205020742759,1607205022399661
257,1607205020741031,1607205022393659,1607204947220611,1607205022019518,1607205022005326,1607205023636368,1607205021979430,1607205023608807,1607205020742760,1607205022399662
258,1607205022005079,1607205023636162,1607204947232593,1607205023337743,1607205023324167,1607205024865054,1607205023302593,1607205024852252,1607205022009241,1607205023642323
259,1607205022005092,1607205023636175,1607204947244328,1607205023339374,1607205023327218,1607205024874020,1607205023302598,1607205024852256,1607205022009245,1607205023642328
26,1607204947071249,1607204949691447,1607204944485949,1607204948463218,1607204948448422,1607204950971378,1607204948427090,1607204950946802,1607204947073314,1607204949702928
260,1607205022005098,1607205023636179,1607204947256096,1607205023339809,1607205023327263,1607205024874062,1607205023302599,1607205024852257,1607205022009246,1607205023642330
261,1607205022005103,1607205023636182,1607204947268046,1607205023341445,1607205023327301,1607205024874096,1607205023302599,1607205024852258,1607205022009247,1607205023642331
262,1607205023327062,1607205024873837,1607204947279872,1607205024619854,1607205024606705,1607205026104565,1607205024585189,1607205026089511,1607205023328831,1607205024880038
263,1607205023327075,1607205024873853,1607204947291568,1607205024621635,1607205024609839,1607205026125400,1607205024585193,1607205026089515,1607205023328834,1607205024880043
264,1607205023327080,1607205024873859,1607204947303552,1607205024623294,1607205024609880,1607205026125436,1607205024585194,1607205026089516,1607205023328835,1607205024880044
265,1607205023327085,1607205024873863,1607204947315437,1607205024623470,1607205024609924,1607205026125465,1607205024585195,1607205026089517,1607205023328837,1607205024880046
266,1607205024609666,1607205026125015,1607204947327058,1607205025912603,1607205025899246,1607205027360606,1607205025878259,1607205027342191,1607205024611391,1607205026130778
267,1607205024609679,1607205026125036,1607204947338975,1607205025915520,1607205025902335,1607205027372498,1607205025878264,1607205027342194,1607205024611393,1607205026130782
268,1607205024609684,1607205026125041,1607204947350878,1607205025915654,1607205025902379,1607205027372529,1607205025878265,1607205027342195,1607205024611395,1607205026130784
269,1607205024609688,1607205026125045,1607204947362711,1607205025916060,1607205025902418,1607205027372564,1607205025878265,1607205027342196,1607205024611395,1607205026130785
27,1607204947071262,1607204949691459,1607204944497496,1607204948468815,1607204948451547,1607204950986410,1607204948427094,1607204950946806,1607204947073318,1607204949702935
270,1607205025902170,1607205027372344,1607204947374533,1607205027198372,1607205027182808,1607205028613999,1607205027163453,1607205028593201,1607205025903926,1607205027378033
271,1607205025902183,1607205027372357,1607204947386615,1607205027199723,1607205027185930,1607205028633547,1607205027163457,1607205028593205,1607205025903929,1607205027378036
272,1607205025902188,1607205027372361,1607204947398257,1607205027200096,1607205027185981,1607205028633579,1607205027163458,1607205028593206,1607205025903930,1607205027378038
273,1607205025902193,1607205027372365,1607204947410203,1607205027201654,1607205027186018,1607205028633607,1607205027163459,1607205028593207,1607205025903931,1607205027378039
274,1607205027185784,1607205028633392,1607204947421965,1607205028453139,1607205028433903,1607205029882142,1607205028410987,1607205029863164,1607205027187538,1607205028640063
275,1607205027185796,1607205028633404,1607204947434401,1607205028454928,1607205028437021,1607205029896446,1607205028410991,1607205029863167,1607205027187541,1607205028640069
276,1607205027185801,1607205028633409,1607204947445725,1607205028456117,1607205028437068,1607205029896475,1607205028410992,1607205029863168,1607205027187542,1607205028640071
277,1607205027185805,1607205028633412,1607204947457891,1607205028456465,1607205028437104,1607205029896499,1607205028410992,1607205029863169,1607205027187543,1607205028640073
278,1607205028436863,1607205029896297,1607204947469449,1607205029698656,1607205029683225,1607205031142600,1607205029659901,1607205031128566,1607205028438518,1607205029902680
279,1607205028436875,1607205029896309,1607204947481443,1607205029699949,1607205029686330,1607205031152259,1607205029659905,1607205031128569,1607205028438521,1607205029902685
28,1607204947071267,1607204949691463,1607204944509369,1607204948469001,1607204948451587,1607204950986437,1607204948427095,1607204950946807,1607204947073319,1607204949702937
280,1607205028436881,1607205029896314,1607204947493383,1607205029701591,1607205029686377,1607205031152279,1607205029659906,1607205031128570,1607205028438522,1607205029902686
281,1607205028436886,1607205029896317,1607204947505465,1607205029701772,1607205029686419,1607205031152294,1607205029659906,1607205031128571,1607205028438523,1607205029902688
282,1607205029686169,1607205031152140,1607204947517192,1607205030968009,1607205030955278,1607205032387469,1607205030936337,1607205032373151,1607205029687881,1607205031157851
283,1607205029686181,1607205031152149,1607204947529171,1607205030971765,1607205030958317,1607205032402586,1607205030936342,1607205032373158,1607205029687883,1607205031157854
284,1607205029686186,1607205031152151,1607204947540804,1607205030973204,1607205030958358,1607205032402614,1607205030936344,1607205032373159,1607205029687884,1607205031157855
285,1607205029686191,1607205031152154,1607204947552906,1607205030973544,1607205030958403,1607205032402638,1607205030936344,1607205032373160,1607205029687885,1607205031157856
286,1607205030958157,1607205032402439,1607204947564676,1607205032227610,1607205032213337,1607205033654116,1607205032194452,1607205033638955,1607205030959932,1607205032409022
287,1607205030958170,1607205032402451,1607204947576645,1607205032229058,1607205032216408,1607205033669149,1607205032194456,1607205033638959,1607205030959936,1607205032409027
288,1607205030958175,1607205032402455,1607204947588246,1607205032229241,1607205032216451,1607205033669178,1607205032194457,1607205033638960,1607205030959938,1607205032409030
289,1607205030958179,1607205032402459,1607204947600174,1607205032231130,1607205032216487,1607205033669203,1607205032194458,1607205033638961,1607205030959939,1607205032409031
29,1607204947071272,1607204949691466,1607204944521114,1607204948472024,1607204948451620,1607204950986462,1607204948427102,1607204950946812,1607204947073320,1607204949702940
290,1607205032216248,1607205033669002,1607204947611999,1607205033512506,1607205033498888,1607205034920955,1607205033478517,1607205034904473,1607205032221836,1607205033675236
291,1607205032216261,1607205033669014,1607204947623739,1607205033514222,1607205033502149,1607205034935719,1607205033478521,1607205034904477,1607205032221840,1607205033675240
292,1607205032216266,1607205033669019,1607204947635696,1607205033514407,1607205033502190,1607205034935748,1607205033478522,1607205034904478,1607205032221840,1607205033675241
293,1607205032216271,1607205033669022,1607204947647768,1607205033515962,1607205033502229,1607205034935773,1607205033478523,1607205034904479,1607205032221842,1607205033675243
294,1607205033501993,1607205034935566,1607204947659628,1607205034800717,1607205034786452,1607205036181122,1607205034767235,1607205036168401,1607205033503722,1607205034941714
295,1607205033502006,1607205034935578,1607204947671514,1607205034802212,1607205034789571,1607205036190721,1607205034767238,1607205036168404,1607205033503725,1607205034941719
296,1607205033502012,1607205034935582,1607204947683637,1607205034803426,1607205034789612,1607205036190755,1607205034767240,1607205036168405,1607205033503726,1607205034941720
297,1607205033502018,1607205034935585,1607204947695390,1607205034803791,1607205034789650,1607205036190783,1607205034767241,1607205036168406,1607205033503727,1607205034941722
298,1607205034789423,1607205036190547,1607204947708573,1607205036069284,1607205036054938,1607205037431578,1607205036033218,1607205037415382,1607205034791221,1607205036196170
299,1607205034789435,1607205036190562,1607204947719079,1607205036069677,1607205036058024,1607205037441096,1607205036033222,1607205037415385,1607205034791225,1607205036196174
30,1607204948451383,1607204950986266,1607204944533369,1607204949774708,1607204949761197,1607204952258515,1607204949736673,1607204952238278,1607204948453188,1607204950998369
300,1607205034789440,1607205036190568,1607204947731082,1607205036072856,1607205036058066,1607205037441136,1607205036033223,1607205037415386,1607205034791226,1607205036196175
301,1607205034789445,1607205036190572,1607204947742979,1607205036073218,1607205036058106,1607205037441169,1607205036033223,1607205037415387,1607205034791226,1607205036196176
302,1607205036057874,1607205037440915,1607204947754975,1607205037364786,1607205037351466,1607205038683249,1607205037329463,1607205038669754,1607205036059599,1607205037446466
303,1607205036057886,1607205037440930,1607204947766674,1607205037366359,1607205037354573,1607205038686391,1607205037329467,1607205038669757,1607205036059603,1607205037446470
304,1607205036057891,1607205037440935,1607204947778517,1607205037366727,1607205037354617,1607205038686428,1607205037329468,1607205038669758,1607205036059604,1607205037446471
305,1607205036057895,1607205037440939,1607204947790234,1607205037368421,1607205037354659,1607205038686461,1607205037329469,1607205038669759,1607205036059605,1607205037446472
306,1607205037354421,1607205038686250,1607204947802318,1607205038682499,1607205038668429,1607205039913153,1607205038645692,1607205039910128,1607205037355864,1607205038689031
307,1607205037354433,1607205039921837,1607204947814410,1607205038696757,1607205038671490,1607205041161358,1607205038645697,1607205041149783,1607205037355866,1607205039925982
308,1607205037354438,1607205039921852,1607204947826100,1607205038696906,1607205038671537,1607205041180094,1607205038645697,1607205041149787,1607205037355867,1607205039925986
309,1607205037354442,1607205039921858,1607204947837915,1607205038696991,1607205038671574,1607205041180124,1607205038645698,1607205041149788,1607205037355867,1607205039925987
31,1607204948451395,1607204950986277,1607204944544694,1607204949776507,1607204949764370,1607204952273993,1607204949736677,1607204952238282,1607204948453191,1607204950998375
310,1607205038671331,1607205041179943,1607204947850107,1607205039988593,1607205039975482,1607205042424729,1607205039953663,1607205042410732,1607205038673138,1607205041185508
311,1607205038671355,1607205041179956,1607204947861972,1607205039990092,1607205039978555,1607205042441384,1607205039953666,1607205042410736,1607205038673141,1607205041185512
312,1607205038671360,1607205041179960,1607204947873969,1607205039990453,1607205039978598,1607205042441419,1607205039953667,1607205042410737,1607205038673142,1607205041185513
313,1607205038671364,1607205041179963,1607204947885763,1607205039992207,1607205039978634,1607205042441451,1607205039953668,1607205042410738,1607205038673143,1607205041185514
314,1607205039978407,1607205042441208,1607204947897525,1607205041287367,1607205041275322,1607205043674759,1607205041256443,1607205043660171,1607205039980093,1607205042452055
315,1607205039978419,1607205042441222,1607204947909538,1607205041288915,1607205041277513,1607205043678280,1607205041256447,1607205043660175,1607205039980097,1607205042452059
316,1607205039978424,1607205042441227,1607204947921357,1607205041290566,1607205041277555,1607205043678320,1607205041256448,1607205043660176,1607205039980098,1607205042452061
317,1607205039978428,1607205042441232,1607204947933170,1607205041290925,1607205041277593,1607205043678352,1607205041256449,1607205043660177,1607205039980099,1607205042452063
318,1607205041277375,1607205043678119,1607204947945110,1607205042530815,1607205042522954,1607205044897605,1607205042512248,1607205044892209,1607205041278739,1607205043681261
319,1607205041277387,1607205043678132,1607204947957034,1607205042531016,1607205042523135,1607205044897807,1607205042512251,1607205044892213,1607205041278742,1607205043681264
32,1607204948451401,1607204950986281,1607204944556829,1607204949776694,1607204949764409,1607204952274031,1607204949736678,1607204952238283,1607204948453192,1607204950998378
33,1607204948451405,1607204950986285,1607204944568435,1607204949778864,1607204949764444,1607204952274065,1607204949736679,1607204952238284,1607204948453193,1607204950998380
34,1607204949764199,1607204952273818,1607204944580277,1607204951093106,1607204951077138,1607204953542201,1607204951054086,1607204953521896,1607204949765915,1607204952281247
35,1607204949764213,1607204952273833,1607204944592228,1607204951095061,1607204951080320,1607204953560251,1607204951054089,1607204953521901,1607204949765919,1607204952281252
36,1607204949764218,1607204952273838,1607204944603990,1607204951095375,1607204951080360,1607204953560279,1607204951054090,1607204953521902,1607204949765920,1607204952281255
37,1607204949764223,1607204952273843,1607204944615774,1607204951095719,1607204951080394,1607204953560304,1607204951054091,1607204953521903,1607204949765921,1607204952281257
38,1607204951080144,1607204953560109,1607204944627529,1607204952416317,1607204952399555,1607204954817485,1607204952377148,1607204954804284,1607204951081846,1607204953567445
39,1607204951080156,1607204953560121,1607204944639469,1607204952417731,1607204952402711,1607204954834298,1607204952377152,1607204954804288,1607204951081848,1607204953567450
40,1607204951080162,1607204953560125,1607204944651511,1607204952418049,1607204952402752,1607204954834324,1607204952377153,1607204954804289,1607204951081850,1607204953567454
41,1607204951080167,1607204953560129,1607204944663045,1607204952418382,1607204952402786,1607204954834348,1607204952377154,1607204954804290,1607204951081851,1607204953567456
42,1607204952402544,1607204954834155,1607204944675095,1607204953728561,1607204953715086,1607204956102160,1607204953694109,1607204956083320,1607204952404272,1607204954841282
43,1607204952402557,1607204954834167,1607204944686638,1607204953730672,1607204953718245,1607204956119031,1607204953694113,1607204956083324,1607204952404276,1607204954841286
44,1607204952402563,1607204954834171,1607204944698399,1607204953732431,1607204953718284,1607204956119070,1607204953694114,1607204956083325,1607204952404277,1607204954841288
45,1607204952402568,1607204954834175,1607204944710592,1607204953732818,1607204953718316,1607204956119103,1607204953694115,1607204956083326,1607204952404277,1607204954841289
46,1607204953718079,1607204956118861,1607204944722142,1607204955030153,1607204955016548,1607204957377288,1607204954995239,1607204957362951,1607204953719785,1607204956126256
47,1607204953718092,1607204956118876,1607204944734002,1607204955031962,1607204955019691,1607204957392676,1607204954995243,1607204957362955,1607204953719788,1607204956126262
48,1607204953718098,1607204956118881,1607204944746036,1607204955033668,1607204955019729,1607204957392706,1607204954995243,1607204957362956,1607204953719789,1607204956126263
49,1607204953718102,1607204956118886,1607204944757763,1607204955033852,1607204955019763,1607204957392733,1607204954995244,1607204957362956,1607204953719790,1607204956126265
50,1607204955019517,1607204957392528,1607204944769783,1607204956335158,1607204956321458,1607204958653530,1607204956302085,1607204958641042,1607204955021288,1607204957400042
51,1607204955019536,1607204957392541,1607204944781577,1607204956336986,1607204956324649,1607204958666223,1607204956302089,1607204958641046,1607204955021292,1607204957400049
52,1607204955019542,1607204957392545,1607204944793248,1607204956338943,1607204956324689,1607204958666253,1607204956302089,1607204958641047,1607204955021293,1607204957400051
53,1607204955019547,1607204957392549,1607204944804880,1607204956339128,1607204956324723,1607204958666277,1607204956302090,1607204958641048,1607204955021294,1607204957400053
54,1607204956324481,1607204958666080,1607204944816392,1607204957609796,1607204957596083,1607204959930163,1607204957574039,1607204959911265,1607204956326164,1607204958672744
55,1607204956324494,1607204958666092,1607204944828088,1607204957611548,1607204957599233,1607204959948109,1607204957574042,1607204959911269,1607204956326167,1607204958672748
56,1607204956324500,1607204958666097,1607204944839966,1607204957613370,1607204957599272,1607204959948138,1607204957574044,1607204959911270,1607204956326168,1607204958672750
57,1607204956324504,1607204958666100,1607204944851736,1607204957613739,1607204957599306,1607204959948164,1607204957574046,1607204959911273,1607204956326169,1607204958672751
58,1607204957599068,1607204959947956,1607204944863675,1607204958942279,1607204958929194,1607204961214460,1607204958904295,1607204961194862,1607204957600982,1607204959955362
59,1607204957599080,1607204959947969,1607204944875555,1607204958943788,1607204958932370,1607204961227738,1607204958904299,1607204961194866,1607204957600986,1607204959955368
60,1607204957599085,1607204959947973,1607204944887145,1607204958945489,1607204958932409,1607204961227776,1607204958904299,1607204961194867,1607204957600988,1607204959955370
61,1607204957599091,1607204959947977,1607204944898967,1607204958945839,1607204958932441,1607204961227810,1607204958904300,1607204961194868,1607204957600988,1607204959955372
62,1607204958932200,1607204961227559,1607204944910821,1607204960261555,1607204960248044,1607204962491393,1607204960229147,1607204962470368,1607204958933985,1607204961235095
63,1607204958932214,1607204961227573,1607204944922740,1607204960263310,1607204960251202,1607204962506465,1607204960229150,1607204962470372,1607204958933988,1607204961235100
64,1607204958932219,1607204961227579,1607204944934616,1607204960263503,1607204960251243,1607204962506501,1607204960229151,1607204962470373,1607204958933989,1607204961235102
65,1607204958932224,1607204961227585,1607204944946486,1607204960265091,1607204960251276,1607204962506531,1607204960229154,1607204962470375,1607204958933990,1607204961235104
66,1607204960251036,1607204962506292,1607204944958031,1607204961579867,1607204961566598,1607204963782403,1607204961544896,1607204963764614,1607204960252694,1607204962516708
67,1607204960251048,1607204962506307,1607204944969834,1607204961581415,1607204961569825,1607204963799023,1607204961544899,1607204963764618,1607204960252696,1607204962516712
68,1607204960251053,1607204962506312,1607204944981945,1607204961581780,1607204961569870,1607204963799052,1607204961544900,1607204963764620,1607204960252698,1607204962516714
69,1607204960251058,1607204962506316,1607204944993551,1607204961583396,1607204961569910,1607204963799079,1607204961544901,1607204963764620,1607204960252698,1607204962516716
70,1607204961569659,1607204963798878,1607204945005351,1607204962889624,1607204962875545,1607204965064907,1607204962852650,1607204965045161,1607204961571300,1607204963806410
71,1607204961569672,1607204963798893,1607204945017321,1607204962891084,1607204962878740,1607204965080351,1607204962852653,1607204965045164,1607204961571303,1607204963806415
72,1607204961569678,1607204963798897,1607204945028986,1607204962892966,1607204962878779,1607204965080382,1607204962852654,1607204965045165,1607204961571303,1607204963806417
73,1607204961569682,1607204963798900,1607204945040790,1607204962893356,1607204962878811,1607204965080409,1607204962852655,1607204965045166,1607204961571304,1607204963806419
74,1607204962878573,1607204965080192,1607204945052584,1607204964202388,1607204964188260,1607204966357186,1607204964168880,1607204966336822,1607204962880313,1607204965087182
75,1607204962878586,1607204965080206,1607204945064332,1607204964203728,1607204964191450,1607204966377622,1607204964168886,1607204966336826,1607204962880317,1607204965087191
76,1607204962878592,1607204965080210,1607204945076273,1607204964204207,1607204964191489,1607204966377651,1607204964168887,1607204966336828,1607204962880318,1607204965087192
77,1607204962878596,1607204965080214,1607204945089604,1607204964205836,1607204964191524,1607204966377676,1607204964168888,1607204966336829,1607204962880319,1607204965087194
78,1607204964191279,1607204966377470,1607204945099740,1607204965473663,1607204965460258,1607204967643476,1607204965437807,1607204967624158,1607204964193352,1607204966387010
79,1607204964191292,1607204966377483,1607204945111501,1607204965475130,1607204965463452,1607204967663249,1607204965437810,1607204967624162,1607204964193355,1607204966387015
80,1607204964191298,1607204966377491,1607204945123125,1607204965476500,1607204965463490,1607204967663277,1607204965437811,1607204967624163,1607204964193356,1607204966387017
81,1607204964191303,1607204966377494,1607204945134617,1607204965476853,1607204965463524,1607204967663300,1607204965437812,1607204967624164,1607204964193357,1607204966387019
82,1607204965463283,1607204967663103,1607204945146446,1607204966780985,1607204966767290,1607204968943107,1607204966745615,1607204968922867,1607204965465044,1607204967671150
83,1607204965463297,1607204967663116,1607204945158315,1607204966781187,1607204966770443,1607204968957501,1607204966745620,1607204968922874,1607204965465047,1607204967671158
84,1607204965463302,1607204967663119,1607204945170191,1607204966784820,1607204966770482,1607204968957529,1607204966745621,1607204968922875,1607204965465048,1607204967671160
85,1607204965463307,1607204967663123,1607204945182160,1607204966785183,1607204966770515,1607204968957555,1607204966745622,1607204968922876,1607204965465048,1607204967671162
86,1607204966770278,1607204968957356,1607204945194206,1607204968092730,1607204968077445,1607204970253182,1607204968055808,1607204970232228,1607204966772143,1607204968964883
87,1607204966770290,1607204968957368,1607204945205950,1607204968092874,1607204968080611,1607204970271409,1607204968055812,1607204970232233,1607204966772147,1607204968964888
88,1607204966770296,1607204968957372,1607204945217560,1607204968093197,1607204968080650,1607204970271440,1607204968055813,1607204970232234,1607204966772148,1607204968964890
89,1607204966770301,1607204968957375,1607204945229946,1607204968094943,1607204968080683,1607204970271466,1607204968055814,1607204970232235,1607204966772149,1607204968964892
90,1607204968080448,1607204970271252,1607204945241522,1607204969395559,1607204969382240,1607204971520490,1607204969363130,1607204971502846,1607204968082281,1607204970278953
91,1607204968080461,1607204970271265,1607204945253458,1607204969396994,1607204969385379,1607204971530075,1607204969363134,1607204971502850,1607204968082285,1607204970278959
92,1607204968080467,1607204970271269,1607204945265769,1607204969398525,1607204969385419,1607204971530115,1607204969363134,1607204971502851,1607204968082286,1607204970278961
93,1607204968080473,1607204970271272,1607204945277535,1607204969398953,1607204969385454,1607204971530147,1607204969363135,1607204971502852,1607204968082287,1607204970278962
94,1607204969385214,1607204971529897,1607204945289274,1607204970667202,1607204970654016,1607204972775972,1607204970631889,1607204972757705,1607204969387007,1607204971536617
95,1607204969385228,1607204971529912,1607204945301511,1607204970668998,1607204970657196,1607204972788275,1607204970631893,1607204972757709,1607204969387009,1607204971536621
96,1607204969385234,1607204971529917,1607204945313107,1607204970670190,1607204970657236,1607204972788317,1607204970631894,1607204972757710,1607204969387010,1607204971536623
97,1607204969385239,1607204971529922,1607204945324783,1607204970670538,1607204970657270,1607204972788351,1607204970631894,1607204972757711,1607204969387012,1607204971536625
98,1607204970657029,1607204972788091,1607204945336639,1607204971960914,1607204971947181,1607204974037785,1607204971924443,1607204974020455,1607204970658820,1607204972795192
99,1607204970657042,1607204972788105,1607204945348464,1607204971962437,1607204971950356,1607204974058176,1607204971924447,1607204974020461,1607204970658823,1607204972795197
