query_id,router_enqueue_0->router_dequeue_0,router_dequeue_0->worker_start_0,worker_start_0->worker_done_0,worker_done_0->router_recv_result_0,router_recv_result_0->router_enqueue_1,router_enqueue_1->router_dequeue_1,router_dequeue_1->worker_start_1,worker_start_1->worker_done_1,worker_done_1->router_recv_result_1,router_recv_result_1->router_enqueue_2,router_enqueue_2->router_dequeue_2,router_dequeue_2->worker_start_2,worker_start_2->worker_done_2,worker_done_2->router_recv_result_2,router_recv_result_2->router_enqueue_3,router_enqueue_3->router_dequeue_3,router_dequeue_3->worker_start_3,worker_start_3->worker_done_3,worker_done_3->router_recv_result_3,router_recv_result_3->router_enqueue_4,router_enqueue_4->router_dequeue_4,router_dequeue_4->worker_start_4,worker_start_4->worker_done_4,worker_done_4->router_recv_result_4,router_recv_result_4->router_enqueue_5,router_enqueue_5->router_dequeue_5,router_dequeue_5->worker_start_5,worker_start_5->worker_done_5,worker_done_5->router_recv_result_5
100,3433.608,7.135,750.556,157.032,9585.44,299.306,10.355,317.701,25.08,12.253,227.26,4.343,286.97,14.71,9.638,34.265,4.629,286.193,10.106,9.646,262.702,4.487,281.77,10.27,9.874,483.774,4.134,728.253,24.544
101,3420.287,7.135,750.555,157.044,9585.592,299.145,10.353,317.701,25.119,14.945,224.532,4.339,286.97,14.748,9.925,33.944,4.625,286.193,10.145,15.897,256.417,4.482,281.77,10.312,10.196,483.415,4.13,728.251,24.593
102,4321.442,7.769,720.637,175.492,8992.382,341.717,7.251,291.211,2.209,36.074,208.828,1.022,283.124,2.322,21.206,37.143,1.207,300.124,2.31,14.862,250.377,1.003,302.343,5.18,15.974,169.308,4.127,728.251,24.622
103,4307.958,7.769,720.635,178.806,9348.887,311.15,8.452,308.965,7.739,19.764,168.694,4.479,288.454,10.609,11.716,46.102,4.211,287.415,7.337,9.036,261.805,3.706,304.754,8.144,9.524,609.657,4.705,725.872,12.4
104,4294.643,7.769,720.635,178.82,9351.805,308.226,8.447,308.965,17.26,13.248,165.698,4.468,288.455,13.014,11.136,44.288,4.199,287.416,8.931,7.861,261.399,3.693,304.754,9.905,9.232,608.198,4.696,725.87,25.44
105,4281.593,7.77,720.633,178.833,9352.27,307.75,8.445,308.965,17.298,16.038,162.875,4.464,288.454,13.052,11.506,43.884,4.195,287.416,8.967,9.448,259.781,3.688,304.754,9.944,9.556,607.84,4.691,725.871,25.469
106,4268.653,7.77,720.631,178.846,9672.593,321.913,5.467,286.976,2.342,35.313,154.812,0.996,306.414,6.778,13.234,28.565,1.305,304.839,7.482,20.743,253.217,1.007,288.642,2.449,15.457,310.038,4.688,725.869,25.497
107,4255.435,7.77,720.631,178.858,10012.127,304.919,8.888,309.944,10.495,22.275,133.616,5.638,316.28,7.903,16.452,10.134,4.168,287.162,7.378,12.026,256.248,4.549,291.116,8.736,20.528,745.815,7.441,709.291,27.406
108,4242.423,7.77,720.629,178.87,10015.101,301.944,8.883,309.941,21.093,17.579,127.723,5.63,316.28,9.688,14.924,9.886,4.16,287.161,9.035,13.084,253.547,4.535,291.119,10.636,18.761,745.687,7.433,709.291,33.533
109,4229.296,7.77,720.628,178.882,10015.247,301.788,8.885,309.937,21.135,17.93,127.335,5.627,316.278,9.726,14.982,9.794,4.159,287.158,9.073,13.444,253.154,4.534,291.115,10.675,18.811,745.602,7.432,709.288,33.561
110,4215.895,7.77,720.627,178.893,10329.119,327.637,6.061,300.469,2.283,29.438,138.679,1.091,288.768,2.198,10.951,22.184,1.138,282.612,2.03,14.709,272.399,2.157,282.516,2.266,10.513,467.162,7.43,709.288,33.586
111,4202.823,7.77,720.626,178.904,10677.989,309.395,8.566,306.547,7.966,25.563,96.21,3.411,283.796,7.829,10.294,17.216,4.152,293.661,8.108,9.899,254.182,12.918,287.26,10.679,10.153,150.578,7.428,709.287,33.61
112,4189.733,7.771,720.625,178.915,10678.135,309.25,8.557,306.548,17.039,18.029,94.678,3.402,283.797,9.535,10.489,15.325,4.142,293.661,9.832,9.683,252.686,12.907,287.259,12.54,9.755,149.114,7.426,709.287,33.632
113,4176.698,7.771,720.624,178.926,10678.439,308.937,8.556,306.546,17.08,18.589,94.083,3.397,283.797,9.575,10.886,14.892,4.138,293.661,9.87,10.037,252.3,12.901,287.259,12.581,9.911,148.919,7.425,709.286,33.654
114,4163.062,7.773,720.621,178.937,10999.94,319.392,5.482,284.152,2.384,28.508,88.946,1.105,283.347,2.244,11.733,35.024,1.248,284.831,2.395,14.579,271.999,1.627,301.578,5.053,10.504,590.361,5.125,705.886,13.301
115,4150.116,7.772,720.621,178.947,11339.278,292.92,8.592,313.72,8.219,24.244,35.852,4.109,283.649,8.368,10.337,31.568,8.341,285.052,7.995,9.181,280.096,7.505,304.115,8.333,10.565,264.392,5.12,705.885,17.186
116,4137.102,7.774,720.619,178.958,11342.052,290.149,8.583,313.719,21.811,14.36,32.153,4.099,283.649,10.252,9.588,30.443,8.331,285.051,9.739,9.219,278.328,7.492,304.115,10.179,9.931,263.179,5.118,705.885,17.227
117,4124.163,7.774,720.618,178.968,11342.519,289.676,8.58,313.718,21.848,16.257,30.224,4.094,283.65,10.29,9.918,30.078,8.327,285.052,9.776,9.372,278.142,7.487,304.115,10.247,10.23,262.815,5.116,705.883,17.26
118,5017.937,7.501,721.629,181.511,10733.672,332.045,5.264,286.289,3.25,35.377,14.417,1.067,302.444,6.777,4.506,28.368,1.368,282.677,2.27,4.61,318.397,2.686,286.933,2.292,5.845,703.519,1.633,701.162,7.725
119,5004.997,7.501,721.627,186.523,11080.319,303.475,9.786,307.722,14.358,17.939,2.981,1.872,323.877,5.007,12.693,1.461,1.798,293.59,2.223,4.656,267.684,1.299,280.263,2.377,5.922,417.768,1.623,701.162,18.51
120,4992.115,7.501,721.627,186.54,11090.034,293.752,9.781,307.72,24.365,14.022,335.9,3.686,313.146,10.384,13.988,4.304,3.828,294.108,2.258,10.727,204.993,1.004,280.813,2.418,14.787,123.038,1.619,701.162,18.551
121,4978.601,7.502,721.625,186.556,11090.51,293.262,9.78,307.719,24.406,14.549,335.343,3.678,313.147,13.38,15.499,305.506,3.54,283.213,10.178,14.671,193.082,5.603,288.304,8.194,14.379,532.201,4.872,707.039,23.149
122,4965.497,7.501,721.624,186.57,11400.084,325.36,6.075,289.213,2.565,29.761,22.502,3.673,313.147,13.419,15.935,305.045,3.528,283.213,13.422,11.692,192.83,5.591,288.304,11.809,11.025,531.949,4.864,707.038,33.347
123,4952.215,7.502,721.623,186.584,11748.932,297.178,9.102,308.446,12.51,26.278,3.163,1.656,283.995,2.45,8.985,24.075,3.524,283.213,13.458,11.817,192.672,5.589,288.302,11.85,11.304,531.633,4.862,707.036,33.386
124,4939.158,7.502,721.622,186.6,11749.075,297.041,9.085,308.444,22.534,21.594,290.722,2.951,280.841,5.013,8.233,31.234,2.896,296.581,4.452,7.94,198.329,2.294,283.862,4.453,8.361,244.185,4.858,707.036,33.42
125,4925.859,7.502,721.621,186.613,11749.611,296.497,9.081,308.444,22.573,26.737,285.552,2.941,280.841,6.89,6.565,31.035,2.886,296.58,6.138,6.659,197.939,2.28,283.862,6.275,6.943,243.781,4.856,707.035,33.451
126,4913.019,7.503,721.619,186.626,12058.854,327.122,5.957,288.163,2.293,29.373,277.246,0.962,279.587,2.299,11.728,48.654,1.072,285.731,4.731,11.677,193.773,1.153,281.861,2.266,10.955,699.679,4.297,709.272,27.84
127,4899.875,7.504,721.617,186.641,12405.503,298.813,9.072,304.604,11.3,20.99,228.807,3.604,282.516,7.653,9.872,48.042,4.73,302.174,7.751,10.381,165.149,2.753,283.781,10.774,9.581,397.285,4.286,709.272,34.905
128,4886.423,7.504,721.616,186.656,12405.761,298.552,9.064,304.602,22.366,14.804,223.938,3.594,282.515,9.562,9.399,46.617,4.72,302.173,9.402,10.07,163.825,2.737,283.782,12.618,9.36,395.664,4.282,709.271,34.947
129,4873.018,7.505,721.614,186.67,12406.121,298.182,9.062,304.601,22.404,20.335,218.374,3.589,282.516,9.601,9.803,46.178,4.715,302.174,9.438,10.491,163.372,2.732,283.782,12.657,9.505,395.484,4.278,709.271,34.979
130,4859.818,7.505,721.613,186.684,12716.562,323.59,5.789,289.161,6.978,31.669,200.836,1.382,301.039,6.122,15.252,48.534,1.054,280.515,3.851,9.62,177.971,0.984,300.594,2.332,8.464,92.806,4.275,709.271,35.01
131,4846.53,7.505,721.612,186.698,13053.967,312.595,14.398,333.391,10.63,21.078,147.724,3.811,316.258,7.507,10.387,4.584,3.118,283.544,4.92,10.201,189.117,1.946,282.318,4.209,10.508,547.152,4.31,709.789,15.57
132,4833.125,7.507,721.61,186.711,13063.308,303.255,14.387,333.39,18.927,13.304,147.209,3.803,316.259,9.369,8.958,4.16,3.109,283.544,8.209,7.324,188.716,1.934,282.318,7.716,7.2,546.963,4.302,709.788,24.302
133,4820.307,7.507,721.609,186.724,13063.731,302.824,14.383,333.39,18.967,16.051,144.424,3.8,316.259,9.409,15.353,292.45,2.583,288.072,6.701,12.182,178.466,2.381,288.627,4.341,10.881,248.079,4.298,709.787,24.341
134,5722.94,7.946,721.757,207.823,12441.051,354.847,6.492,284.656,2.309,32.181,164.322,1.09,289.225,2.29,11.781,3.623,2.573,288.072,11.001,8.306,178.053,2.369,288.629,7.833,7.623,247.845,4.296,709.786,24.374
135,5709.008,7.945,721.755,211.314,12808.938,301.489,9.547,307.019,10.526,18.862,124.524,3.403,283.561,7.783,11.335,4.878,2.809,284.111,4.247,10.724,183.312,2.073,282.897,4.423,10.588,693.831,5.05,707.777,30.885
136,5695.919,7.945,721.753,211.329,12812.3,298.127,9.537,307.017,20.125,14.52,119.277,3.392,283.562,9.764,9.903,4.34,2.798,284.111,7.578,7.812,182.903,2.062,282.898,8.185,7.214,693.452,5.042,707.78,35.346
137,5682.824,7.945,721.752,211.341,12812.84,297.58,9.532,307.018,20.158,19.554,114.214,3.387,283.563,9.804,18.318,290.237,2.063,282.937,4.546,6.889,187.397,2.024,283.175,4.507,8.446,402.681,5.037,707.78,35.385
138,5666.911,7.945,721.751,211.353,13122.186,324.738,8.048,282.965,6.561,32.933,100.01,1.359,282.794,2.214,14.451,7.946,2.052,282.938,4.744,7.139,186.961,2.012,283.176,6.329,7.022,402.283,5.034,707.78,35.419
139,5653.311,7.944,721.751,211.365,13458.973,308.87,13.782,331.995,10.988,20.576,28.599,3.697,284.779,8.09,12.688,2.37,1.871,286.857,2.329,8.486,176.447,0.859,282.237,5.401,7.988,112.97,5.03,707.78,35.448
140,5640.072,7.944,721.749,211.377,13464.562,303.281,13.775,331.993,18.693,17.929,23.549,3.69,284.779,10.091,13.463,294.604,3.552,282.992,3.751,8.387,174.367,2.154,303.048,4.489,8.252,547.426,3.988,710.808,9.238
141,5626.579,7.944,721.749,211.387,13472.396,295.439,13.772,331.994,18.734,22.932,18.508,3.685,284.78,10.132,13.59,294.448,3.543,282.992,5.499,7.066,173.951,2.141,303.05,6.313,6.816,547.047,3.98,710.807,22.665
142,5613.368,7.948,721.744,211.399,13780.475,351.643,6.455,285.177,2.543,32.977,12.89,1.042,305.717,7.588,4.444,281.349,1.131,280.548,2.322,6.646,201.86,1.021,287.399,5.576,6.226,253.791,3.976,710.806,22.705
143,5600.26,7.947,721.743,211.412,14151.095,298.327,9.378,313.786,10.398,20.077,3.578,1.69,318.898,6.05,13.719,210.864,0.791,280.266,2.122,11.352,207.983,0.926,299.822,2.406,12.804,679.712,7.087,705.872,26.857
144,5508.993,7.947,721.742,211.423,14151.662,297.759,9.373,313.783,18.273,17.495,333.725,3.489,318.923,7.378,17.165,158.686,4.084,282.997,7.929,14.854,213.274,2.895,286.283,8.061,17.545,370.414,7.077,705.871,29.427
145,5508.925,7.946,721.74,211.437,14157.145,292.266,9.371,313.783,18.314,21.333,329.858,3.478,318.925,17.139,8.831,157.269,4.072,282.998,14.511,9.813,211.744,2.883,286.284,15.911,9.849,370.262,7.073,705.87,29.489
146,5497.355,7.946,721.739,211.45,14462.201,328.452,5.691,286.416,2.106,32.426,24.77,3.473,318.924,17.177,9.165,156.902,4.069,282.997,14.547,10.251,211.275,2.878,286.284,15.947,9.944,370.135,7.069,705.869,29.525
147,5351.904,7.946,721.738,211.461,14804.182,303.609,8.538,303.613,9.49,22.176,29.808,3.183,290.422,8.251,10.512,155.334,3.234,283.896,8.775,9.865,220.846,4.229,289.877,7.769,9.536,68.877,7.067,705.868,29.558
148,5350.493,7.945,721.737,211.474,14814.261,293.526,8.534,303.611,19.547,16.866,25.071,3.172,290.422,10.26,8.991,154.857,3.223,283.898,10.602,9.411,219.483,4.218,289.877,9.681,8.824,67.678,7.063,705.868,29.589
149,5350.101,7.945,721.736,211.487,14814.86,292.917,8.531,303.611,19.578,22.507,19.403,3.168,290.422,10.299,10.632,153.182,3.218,283.898,10.64,9.766,219.094,4.215,289.876,9.721,9.149,67.316,7.06,705.868,29.619
150,6285.591,7.558,749.574,182.207,14181.23,319.072,6.585,286.48,2.845,32.515,17.347,0.966,281.015,2.305,4.539,172.76,1.297,280.86,2.456,6.463,241.583,1.202,280.927,2.077,5.897,528.743,1.856,705.165,4.585
151,6282.163,7.557,749.572,189.381,14506.924,305.71,9.174,308.002,10.11,20.493,4.715,2.041,295.05,2.247,12.876,109.355,0.813,280.578,2.222,7.562,241.1,0.923,280.313,2.307,8.178,241.305,1.847,705.166,16.621
152,6282.042,7.558,749.57,189.416,14512.878,299.731,9.168,308.0,18.872,18.191,304.3,2.836,283.572,4.525,7.997,103.436,2.072,280.269,4.36,8.435,237.237,1.659,280.652,4.467,7.191,675.559,4.799,707.196,26.402
153,6281.961,7.557,749.569,189.449,14517.55,295.029,9.167,307.998,18.91,21.222,301.245,2.824,283.573,6.418,6.298,103.253,2.06,280.27,6.005,7.231,236.808,1.646,280.652,6.223,7.0,674.004,4.789,707.197,35.126
154,6281.888,7.557,749.568,189.477,14824.87,323.561,5.402,283.377,2.569,34.479,289.5,0.964,280.297,2.239,12.607,101.793,0.974,280.305,2.183,14.041,235.044,1.25,280.811,2.415,15.118,381.563,4.786,707.199,35.163
155,6280.399,7.558,749.566,189.504,15162.495,300.854,8.979,312.388,10.583,20.089,240.003,3.464,285.832,7.926,9.896,91.884,3.497,283.35,7.289,12.57,228.066,3.979,285.446,7.692,9.406,79.651,4.782,707.199,35.197
156,6280.314,7.558,749.565,189.531,15167.958,295.376,8.971,312.387,18.776,16.969,234.945,3.449,285.832,9.852,8.471,91.394,3.486,283.349,8.914,11.22,227.808,3.963,285.446,9.471,9.412,77.867,4.778,707.198,35.23
157,6280.255,7.557,749.565,189.556,15172.44,290.872,8.971,312.384,18.818,21.582,230.295,3.445,285.831,9.893,10.698,89.131,3.483,283.347,8.953,11.512,227.48,3.962,285.444,9.513,9.574,77.667,4.774,707.199,35.259
158,6280.203,7.557,749.564,189.588,15475.868,327.377,6.241,304.775,5.598,31.046,203.395,0.937,302.118,6.335,16.021,70.221,1.114,280.962,2.052,10.217,243.544,0.934,301.567,5.336,12.099,514.41,4.065,706.415,12.517
159,6280.151,7.559,749.562,189.617,15818.003,323.425,9.98,329.542,7.692,20.303,165.543,6.296,317.522,8.218,10.153,23.098,3.372,282.155,7.607,9.365,260.522,3.286,305.107,8.031,9.991,192.941,4.054,706.415,21.744
160,6280.102,7.558,749.562,189.65,15822.287,319.118,9.974,329.541,16.358,17.009,160.181,6.285,317.522,10.197,9.351,21.932,3.361,282.155,9.201,8.957,259.351,3.271,305.108,9.852,8.564,192.548,4.051,706.414,21.783
161,6280.053,7.559,749.56,189.676,15828.647,312.736,9.971,329.54,16.398,22.016,155.139,6.281,317.522,10.234,9.673,21.576,3.357,282.156,9.237,9.296,258.98,3.266,305.108,9.895,10.884,190.189,4.047,706.414,21.814
162,6279.794,7.56,749.558,189.703,16154.072,342.99,5.194,287.397,2.224,35.305,181.08,1.248,281.595,2.31,14.262,26.614,1.082,307.73,4.672,11.246,261.787,1.243,288.845,2.341,11.194,629.659,3.657,722.116,18.279
163,6270.41,7.56,749.558,189.732,16511.324,304.834,8.051,302.617,7.731,19.675,148.947,4.44,288.016,7.56,9.447,41.836,3.743,307.997,8.119,11.141,233.825,3.132,282.606,8.056,9.9,331.077,3.647,722.115,26.112
164,6257.142,7.56,749.556,189.766,16517.635,298.505,8.04,302.615,15.723,16.748,143.892,4.431,288.016,9.5,7.89,41.463,3.731,307.998,9.907,9.617,233.575,3.119,282.605,9.925,9.369,329.742,3.642,722.115,26.152
165,6243.708,7.559,749.556,189.817,16522.956,293.138,8.034,302.615,15.763,21.052,139.553,4.426,288.016,9.539,9.389,39.929,3.727,307.998,9.945,9.905,233.254,3.114,282.605,9.968,9.682,329.39,3.638,722.115,26.186
166,7176.719,7.598,721.477,192.74,15909.995,311.176,6.011,286.787,2.629,35.621,131.544,1.026,304.23,2.417,12.293,51.029,1.017,280.033,2.224,14.257,241.298,0.943,301.99,4.925,12.087,19.34,3.634,722.115,26.216
167,7162.882,7.587,721.476,201.638,16226.578,307.431,8.143,306.528,7.62,20.196,112.345,4.14,283.384,9.37,9.867,43.21,3.417,287.229,10.121,9.275,250.603,3.165,305.495,7.805,9.592,450.125,3.856,707.739,14.136
168,7150.019,7.587,721.475,201.688,16231.585,302.383,8.136,306.528,15.842,16.978,107.351,4.129,283.385,11.254,9.383,41.82,3.406,287.23,11.866,9.385,248.76,3.152,305.495,9.624,9.119,448.789,3.846,707.74,22.241
169,7136.858,7.584,721.474,201.727,16236.246,297.685,8.135,306.527,15.882,26.204,98.089,4.125,283.385,11.294,9.762,41.405,3.403,287.229,11.906,9.58,248.529,3.148,305.496,9.662,9.518,448.356,3.842,707.739,22.279
170,7123.202,7.581,721.475,201.761,16546.182,318.054,5.563,284.765,2.345,35.557,94.877,1.085,281.986,2.241,14.898,53.509,1.122,303.184,6.086,10.805,255.211,1.394,289.458,2.506,11.085,153.62,3.839,707.739,22.313
171,7109.871,7.579,721.474,201.796,16878.153,304.253,9.56,307.153,9.054,20.567,54.088,3.303,287.15,12.014,8.657,63.352,3.787,315.365,7.711,11.492,221.843,3.197,283.55,7.69,14.15,583.034,3.565,703.98,19.736
172,7096.778,7.577,721.474,201.831,16883.858,298.526,9.552,307.15,17.802,16.994,48.925,3.291,287.151,13.192,8.951,61.891,3.775,315.366,9.47,9.886,221.701,3.185,283.551,9.508,12.76,582.616,3.554,703.981,28.77
173,7083.171,7.575,721.472,201.87,16888.95,293.4,9.548,307.15,17.834,22.506,43.384,3.287,287.151,13.208,9.31,61.52,3.771,315.366,9.508,10.195,221.359,3.18,283.551,9.567,12.846,582.476,3.55,703.98,28.807
174,7069.997,7.572,721.471,201.906,17196.01,320.652,5.947,282.485,2.301,32.888,45.995,1.051,310.77,5.704,11.208,70.668,1.062,287.929,2.021,10.502,226.306,1.828,282.506,2.317,11.249,297.635,3.547,703.98,28.838
175,7056.928,7.57,721.47,201.952,17530.455,300.215,8.621,307.972,9.306,19.983,33.378,3.563,306.784,7.525,9.522,45.095,3.348,283.083,7.992,9.131,220.447,3.098,283.639,7.658,19.154,725.128,4.629,709.145,31.147
176,7043.839,7.569,721.469,201.989,17535.685,294.956,8.618,307.97,16.934,17.169,28.575,3.552,306.784,9.486,8.07,44.596,3.338,283.083,9.697,8.956,218.927,3.088,283.639,9.472,17.488,724.991,4.619,709.144,35.426
177,7030.349,7.566,721.468,202.027,17541.122,289.484,8.617,307.968,16.972,22.302,23.409,3.548,306.783,9.544,9.728,42.883,3.335,283.083,9.735,9.293,218.557,3.085,283.637,9.511,17.834,724.61,4.617,709.141,35.466
178,7017.362,7.564,721.466,202.063,17844.294,319.637,5.404,286.402,2.337,35.647,35.743,0.959,282.65,2.385,4.821,58.026,0.991,309.415,6.17,6.105,201.38,1.36,301.514,5.362,5.77,428.636,4.614,709.141,35.498
179,7004.357,7.563,721.466,202.098,18179.063,304.567,9.403,307.688,14.883,20.031,2.493,2.018,293.701,2.217,9.085,51.217,1.349,311.722,4.877,8.097,189.687,0.94,300.917,5.573,8.553,116.895,4.61,709.142,35.527
180,6991.051,7.562,721.465,202.132,18189.241,294.364,9.399,307.686,22.926,16.824,300.206,2.981,282.897,4.476,8.616,78.05,2.343,303.852,4.47,8.189,186.77,1.998,302.185,4.605,9.048,552.834,2.681,709.074,9.401
181,6977.514,7.56,721.463,202.165,18189.655,293.921,9.396,307.686,22.967,21.408,295.594,2.97,282.897,6.327,7.166,77.66,2.333,303.852,6.25,6.917,186.273,1.987,302.185,6.432,7.62,552.443,2.674,709.073,24.556
182,7894.597,7.633,718.92,186.727,17584.858,326.033,6.21,303.291,2.343,33.932,263.466,1.209,280.64,2.144,11.043,102.24,1.059,280.371,6.45,10.258,205.646,1.021,285.847,5.947,11.372,256.032,2.671,709.072,24.593
183,7881.334,7.626,718.92,196.587,17916.162,320.895,11.577,307.889,10.065,20.575,213.665,3.689,282.955,8.293,9.746,95.45,3.546,315.476,7.355,9.664,173.794,3.882,304.342,7.899,9.757,670.975,10.705,701.409,26.527
184,7867.843,7.625,718.918,196.641,17924.77,312.242,11.572,307.888,18.126,16.797,209.393,3.677,282.955,10.239,9.22,94.041,3.535,315.477,9.098,9.404,172.323,3.87,304.342,9.746,9.489,669.406,10.695,701.409,33.23
185,7854.485,7.622,718.917,196.697,17925.289,311.669,11.571,307.887,18.166,21.035,205.119,3.673,282.956,10.276,9.585,93.643,3.531,315.476,9.138,9.743,171.948,3.866,304.342,9.786,9.635,669.224,10.691,701.409,33.258
186,7841.401,7.62,718.916,196.738,18250.86,323.481,6.279,284.547,2.421,32.144,197.674,0.934,302.825,7.079,14.569,105.976,1.404,282.733,2.251,10.66,202.627,1.095,287.442,2.479,11.103,376.937,10.689,701.408,33.284
187,7827.76,7.618,718.915,196.779,18589.659,300.149,8.708,308.041,8.694,25.588,177.339,3.351,316.219,7.588,9.964,65.575,3.191,289.27,10.298,9.24,193.061,3.574,283.611,9.493,11.825,73.044,10.686,701.408,33.307
188,7814.376,7.616,718.914,196.819,18594.115,295.668,8.696,308.041,22.057,16.901,172.673,3.34,316.22,9.507,9.442,64.188,3.181,289.27,11.98,8.759,191.871,3.563,283.611,11.457,10.129,72.776,10.684,701.407,33.33
189,7801.242,7.613,718.913,196.859,18598.754,290.994,8.692,308.04,22.099,21.622,167.914,3.336,316.221,9.545,9.757,63.838,3.177,289.27,12.016,9.087,191.511,3.56,283.61,11.495,10.42,72.451,10.68,701.407,33.353
190,7788.053,7.611,718.912,196.897,18904.369,323.944,6.435,285.023,2.384,31.451,193.384,1.088,282.281,2.389,10.131,82.201,1.075,282.665,2.333,10.26,202.899,1.073,282.84,2.664,11.184,530.456,4.153,704.138,22.852
191,7774.2,7.609,718.911,196.935,19243.221,300.832,8.782,306.695,8.479,22.255,148.377,3.512,282.204,8.577,10.564,73.257,3.458,283.065,9.293,9.304,195.496,4.199,283.045,11.928,9.828,226.131,4.146,704.136,31.691
192,7761.082,7.607,718.91,196.982,19252.808,291.211,8.773,306.695,18.145,16.495,144.495,3.487,282.204,11.009,9.264,72.135,3.447,283.066,11.035,9.271,193.798,4.187,283.047,13.721,9.228,224.936,4.144,704.136,31.733
193,7747.862,7.605,718.909,197.02,19253.176,290.809,8.77,306.694,18.184,21.837,139.118,3.483,282.204,11.046,9.583,71.783,3.444,283.065,11.094,9.4,193.615,4.182,283.047,13.759,9.549,224.58,4.142,704.135,31.765
194,7734.684,7.603,718.907,197.059,19557.901,319.477,5.804,289.719,2.726,30.979,128.494,1.125,307.009,2.35,10.067,58.402,1.367,282.787,2.157,10.347,207.354,1.097,304.171,5.359,11.44,652.043,5.335,728.021,30.891
195,7721.245,7.601,718.906,197.099,19897.906,298.929,8.806,305.05,8.577,22.705,109.36,3.252,283.286,7.905,11.041,49.188,3.211,282.964,11.681,9.479,222.12,4.332,307.577,11.882,10.499,322.398,5.325,728.021,39.412
196,7708.048,7.599,718.905,197.139,19902.325,294.481,8.798,305.05,19.348,17.2,104.105,3.24,283.287,9.87,9.326,48.948,3.2,282.964,13.339,9.01,220.944,4.32,307.577,14.336,9.599,320.845,5.322,728.02,39.451
197,7694.787,7.596,718.904,197.177,19902.879,293.896,8.792,305.049,19.378,22.716,98.567,3.232,283.287,9.908,9.81,48.435,3.191,282.964,13.376,9.364,220.562,4.311,307.577,14.376,9.931,320.476,5.319,728.02,39.484
198,8604.057,13.421,726.718,171.499,19299.452,319.643,10.265,285.154,2.383,31.686,88.216,1.107,281.987,2.477,11.038,61.199,1.062,285.228,2.221,10.305,257.332,1.066,290.107,2.157,16.387,20.895,5.316,728.02,39.517
199,8590.853,13.409,726.716,174.858,19630.395,304.83,8.415,302.936,8.511,22.343,47.896,3.857,286.901,8.155,9.633,51.702,4.407,283.1,7.932,9.638,261.308,3.452,282.939,8.127,9.644,494.447,4.418,713.254,16.298
200,8569.874,13.406,726.715,174.908,19636.639,298.548,8.408,302.934,17.912,17.939,42.907,3.848,286.902,10.022,9.209,50.269,4.396,283.101,9.66,10.003,259.229,3.438,282.939,9.84,9.332,493.055,4.41,713.253,22.106
201,8564.417,13.403,726.715,174.939,19641.668,293.491,8.405,302.934,17.951,22.136,38.676,3.844,286.901,10.06,9.601,49.844,4.391,283.101,9.698,10.151,259.048,3.433,282.939,9.878,9.482,492.871,4.408,713.251,22.146
202,8550.819,13.399,726.715,174.959,19948.935,315.258,11.791,290.974,2.448,31.27,25.179,0.995,282.391,2.488,4.642,66.135,1.271,307.173,4.764,6.851,245.38,1.088,280.312,2.365,5.764,213.012,4.405,713.25,22.18
203,8537.622,13.396,726.714,174.976,20285.47,305.614,8.798,306.879,8.369,22.711,2.407,1.794,292.142,2.529,9.383,51.243,0.92,303.502,6.085,7.903,217.524,0.941,280.419,2.438,8.454,664.525,2.729,706.429,18.113
204,8524.331,13.394,726.714,174.993,20290.4,300.679,8.79,306.879,18.846,16.658,298.782,3.34,282.592,5.369,7.958,70.246,2.251,303.549,4.687,8.236,191.32,1.494,280.783,4.212,7.412,375.562,2.72,706.428,26.975
205,8510.79,13.391,726.713,175.013,20290.958,300.104,8.788,306.878,18.88,22.789,292.631,3.329,282.591,7.191,6.52,69.868,2.245,303.549,6.537,6.781,190.936,1.483,280.784,5.287,6.54,375.36,2.716,706.428,27.015
206,8497.559,13.388,726.713,175.033,20605.058,320.334,5.086,305.644,2.478,29.398,265.967,1.01,281.975,2.363,10.648,92.737,0.898,287.356,7.194,14.498,175.374,1.266,280.252,2.363,10.93,87.183,2.713,706.428,27.047
207,8484.363,13.386,726.712,175.049,20940.732,317.61,8.99,310.387,7.82,21.327,218.472,3.677,282.595,10.891,10.077,95.108,4.858,315.912,7.616,11.155,130.937,2.928,284.001,7.779,10.188,522.869,4.034,705.293,17.863
208,8470.841,13.382,726.712,175.065,20946.245,312.097,8.979,310.385,16.698,17.047,213.883,3.668,282.595,12.656,10.251,93.179,4.847,315.913,9.425,9.507,130.787,2.916,284.002,9.648,9.515,521.682,4.027,705.29,34.884
209,8457.161,13.379,726.711,175.082,20951.888,306.443,8.975,310.384,16.737,21.244,209.651,3.664,282.595,12.695,10.599,92.796,4.844,315.912,9.465,9.83,130.428,2.912,284.002,9.687,9.84,521.323,4.022,705.29,34.912
21,1.405,1.181,736.084,1.976,13.179,1.47,1.42,317.502,4.102,5.229,1.569,1.981,326.911,4.491,5.689,1.508,2.183,315.442,4.672,15.443,1.589,1.846,285.937,2.298,5.345,1.56,2.122,751.182,2.592
210,8443.729,13.376,726.71,175.099,21272.438,321.749,5.264,280.869,2.288,31.922,209.52,1.097,282.373,2.354,14.488,133.326,1.131,282.891,2.309,11.498,139.027,0.916,301.303,4.887,11.313,212.938,4.019,705.289,34.936
211,8430.305,13.373,726.711,175.115,21614.769,290.32,9.148,312.008,8.142,22.851,161.939,5.049,283.199,9.284,9.631,124.554,3.62,288.92,7.305,9.734,147.26,3.863,305.074,8.332,10.097,634.813,8.864,711.986,29.725
212,8417.005,13.37,726.71,175.13,21618.738,286.347,9.142,312.006,19.093,17.539,156.308,5.04,283.199,11.129,9.171,123.18,3.609,288.921,8.94,9.414,145.957,3.851,305.074,10.187,9.964,633.099,8.858,711.984,36.84
213,8404.287,13.367,726.71,175.146,21619.301,285.771,9.14,312.005,19.127,22.146,151.671,5.036,283.2,11.167,9.504,122.812,3.606,288.92,8.977,9.782,145.557,3.846,305.074,10.226,10.109,632.918,8.856,711.983,36.87
214,9305.8,7.434,720.042,175.732,21015.932,326.419,5.19,286.078,2.421,33.045,146.492,1.018,288.886,2.494,10.45,130.999,1.025,282.498,2.126,13.803,174.999,1.321,288.112,2.311,11.497,339.984,8.855,711.982,36.895
215,9211.356,7.434,720.04,179.236,21353.706,301.644,8.786,303.992,7.978,21.939,112.321,5.026,294.572,8.612,9.301,112.827,5.079,284.237,7.301,12.024,169.316,3.182,282.44,7.949,12.481,38.882,8.853,711.982,36.918
216,9210.179,7.435,720.039,179.263,21364.439,290.895,8.777,303.992,17.573,17.231,107.442,5.017,294.573,10.431,7.871,112.448,5.068,284.238,8.961,10.509,169.184,3.168,282.44,9.839,22.952,26.522,8.851,711.981,36.942
217,9210.118,7.435,720.038,179.292,21365.02,290.289,8.774,303.991,17.627,21.77,102.853,5.013,294.573,10.468,9.323,110.964,5.063,284.238,9.001,10.604,169.054,3.163,282.44,9.878,23.483,25.954,8.85,711.98,36.963
218,9210.086,7.436,720.038,179.312,21669.753,315.69,5.505,283.638,5.348,33.393,106.841,1.047,282.906,2.256,14.697,117.692,1.144,302.795,6.065,11.961,153.161,1.013,300.09,2.426,11.257,492.36,6.191,710.95,12.504
219,9102.353,7.436,720.037,179.341,22006.271,297.268,8.687,329.474,8.435,21.941,44.106,3.7,287.852,7.379,9.355,131.267,3.942,316.259,7.593,9.744,130.16,3.942,284.472,8.537,9.425,191.21,6.184,710.95,18.047
22,735.529,3.281,739.585,207.922,59.81,13.742,12.933,311.057,3.761,45.253,1.658,2.325,317.244,2.575,5.39,1.447,1.971,319.457,5.904,4.981,1.476,1.993,294.94,5.331,4.919,1.597,1.934,752.755,2.262
220,9101.933,7.436,720.036,179.358,22010.503,293.032,8.679,329.472,19.18,16.956,38.358,3.688,287.851,9.198,7.918,130.897,3.93,316.26,9.48,9.229,128.8,3.93,284.471,10.242,8.418,190.513,6.182,710.948,18.086
221,9096.898,7.436,720.036,179.374,22010.987,292.54,8.672,329.471,19.22,21.52,33.76,3.682,287.851,9.237,9.388,129.394,3.924,316.259,9.519,9.386,128.615,3.92,284.471,10.28,9.989,188.907,6.179,710.949,18.118
222,9095.89,7.437,720.034,179.389,22317.4,343.252,6.186,285.802,2.404,28.826,32.863,1.077,281.924,2.484,4.893,178.108,1.093,287.447,2.284,6.611,139.251,1.236,288.187,2.451,6.092,636.105,3.216,703.194,12.864
223,9095.773,7.436,720.032,179.405,22674.685,299.641,8.666,311.643,8.335,21.372,4.59,2.069,292.771,2.367,11.859,139.664,1.243,280.001,2.422,9.141,144.934,0.885,280.157,2.238,8.26,349.03,3.207,703.194,21.478
224,9095.688,7.437,720.031,179.418,22685.281,289.047,8.655,311.643,17.339,18.475,302.952,2.914,284.475,4.546,8.943,130.669,2.282,283.444,4.578,8.653,138.172,1.951,281.177,4.653,8.626,57.489,3.203,703.194,21.516
225,9095.612,7.437,720.03,179.431,22685.836,288.483,8.653,311.641,17.373,23.415,297.991,2.904,284.475,6.414,7.516,130.239,2.269,283.446,6.396,7.26,137.758,1.939,281.179,6.424,7.061,57.283,3.199,703.194,21.549
226,9095.514,7.437,720.029,179.447,22988.235,323.532,5.662,284.523,2.315,32.41,290.339,2.905,286.566,2.32,12.467,125.606,1.119,282.154,2.32,11.738,137.233,0.953,281.739,2.284,10.478,496.722,4.575,706.419,13.125
227,9094.953,7.437,720.028,179.462,23327.644,299.432,8.632,304.667,8.025,21.256,256.786,3.507,283.068,12.09,10.266,113.608,3.308,284.111,8.082,10.268,127.421,3.977,283.798,8.372,9.192,196.108,4.564,706.419,23.154
228,9094.862,7.438,720.027,179.475,23339.723,287.356,8.619,304.667,17.531,16.658,251.887,3.497,283.068,13.949,9.574,112.453,3.297,284.111,9.82,10.13,125.832,3.966,283.798,10.148,9.114,194.411,4.56,706.419,23.194
229,9094.728,7.438,720.026,179.489,23340.396,286.674,8.615,304.666,17.573,21.877,246.631,3.492,283.069,13.988,10.147,111.845,3.291,284.112,9.858,10.282,125.646,3.961,283.799,10.188,9.462,194.027,4.557,706.418,23.227
23,722.074,3.273,739.586,211.268,79.186,355.364,9.053,327.445,13.811,22.755,5.159,2.809,298.095,2.508,11.762,1.497,1.357,323.927,4.55,9.643,1.517,1.494,328.293,5.59,10.839,364.574,3.092,747.673,17.193
230,9998.176,7.796,716.557,176.861,22740.199,316.676,5.027,282.434,6.936,43.829,230.862,1.131,294.211,2.39,14.74,106.779,1.15,280.712,2.31,11.791,137.909,1.085,280.875,2.329,10.701,642.637,4.218,704.74,19.609
231,9984.947,7.797,716.554,180.294,23068.766,313.346,17.428,332.92,7.648,23.063,167.151,3.692,285.952,8.842,10.264,93.495,3.222,283.473,10.971,10.045,125.749,4.477,284.907,8.638,14.463,334.777,4.209,704.739,27.825
232,9971.403,7.797,716.552,180.313,23078.726,303.38,17.42,332.919,17.168,18.095,162.607,3.683,285.956,10.706,9.804,92.098,3.212,283.473,12.91,9.527,124.34,4.465,284.907,10.547,12.814,334.519,4.204,704.74,27.862
233,9958.142,7.797,716.551,180.325,23079.323,302.774,17.417,332.919,17.209,23.768,156.897,3.679,285.956,10.745,10.119,91.749,3.207,283.473,12.95,9.857,123.975,4.46,284.907,10.586,13.083,334.214,4.201,704.74,27.895
234,9944.469,7.798,716.549,180.337,23395.6,353.813,5.248,283.567,2.368,35.01,154.877,2.551,287.794,2.303,14.309,94.541,0.862,308.836,5.145,11.4,107.536,1.058,301.418,4.503,10.243,30.277,4.197,704.74,27.928
235,9931.193,7.798,716.549,180.361,23765.724,299.956,8.63,312.042,8.148,22.311,116.027,5.725,284.497,7.784,10.129,112.752,4.208,299.256,7.658,9.681,104.029,4.449,304.23,7.597,9.358,445.62,3.491,704.423,12.857
236,9918.017,7.799,716.548,180.374,23775.404,290.277,8.621,312.04,17.917,17.257,111.321,5.716,284.496,9.601,9.741,111.335,4.198,299.255,9.511,8.033,103.834,4.439,304.23,9.318,8.944,444.323,3.48,704.425,21.426
237,9905.034,7.799,716.546,180.387,23776.002,289.672,8.616,312.04,17.95,22.418,106.131,5.712,284.497,9.638,10.073,110.97,4.193,299.255,9.551,9.907,101.925,4.434,304.23,9.356,9.273,443.961,3.476,704.423,21.467
238,9891.509,7.799,716.546,180.405,24081.143,322.941,5.105,283.144,2.314,32.726,105.091,1.334,282.724,2.348,14.643,132.991,1.358,282.663,2.798,15.223,127.832,1.16,288.586,2.128,10.272,151.264,3.473,704.423,21.5
239,9878.06,7.798,716.545,180.421,24419.369,298.631,8.576,308.653,8.048,22.147,63.564,7.395,287.792,7.489,10.94,120.975,3.57,287.905,8.736,9.579,120.776,4.234,284.273,7.886,11.246,577.134,3.716,702.929,13.524
24,708.907,3.269,739.586,211.282,87.488,347.06,9.044,327.445,25.502,19.075,307.767,4.166,287.106,5.29,8.745,35.093,3.155,305.426,6.925,9.351,22.65,3.385,319.976,6.725,11.042,28.811,3.082,747.673,20.882
240,9865.033,7.798,716.544,180.438,24424.842,293.15,8.572,308.652,17.879,17.643,58.244,7.387,287.791,9.995,10.084,119.337,3.559,287.905,10.626,9.302,119.174,4.223,284.272,9.609,9.967,576.7,3.706,702.929,19.079
241,9851.885,7.797,716.544,180.454,24429.931,288.047,8.571,308.651,17.918,22.441,53.411,7.383,287.792,10.031,10.573,118.816,3.554,287.905,10.666,9.451,118.989,4.219,284.272,9.647,10.057,576.576,3.702,702.929,19.118
242,9838.589,7.798,716.541,180.471,24731.072,321.8,12.494,291.735,7.116,33.269,36.489,1.298,282.488,2.477,4.996,140.246,1.003,302.037,5.57,6.198,111.784,1.089,283.261,2.154,5.789,294.524,3.698,702.929,19.15
243,9825.168,7.799,716.54,180.486,25067.956,320.013,19.871,332.411,9.891,20.935,2.962,2.212,297.026,2.401,12.018,88.129,0.877,308.185,5.161,8.062,81.971,1.097,280.788,2.195,23.663,716.575,2.472,703.257,13.238
244,9812.146,7.798,716.54,180.504,25073.565,314.4,19.861,332.409,18.857,16.936,307.169,2.955,283.467,4.442,8.391,111.07,2.283,304.361,4.621,13.959,48.736,2.33,282.674,5.56,8.737,437.61,2.462,703.257,21.953
245,9798.913,7.798,716.539,180.525,25079.181,308.768,19.856,332.409,18.896,22.512,301.567,2.945,283.467,6.209,7.017,110.688,2.271,304.362,7.019,12.103,48.205,2.318,282.674,7.78,6.723,437.406,2.458,703.257,21.992
246,10688.569,7.454,741.831,171.167,24481.977,356.837,5.965,315.636,5.885,34.504,254.755,0.914,279.948,2.287,12.801,135.409,1.056,282.176,5.631,10.759,53.462,1.041,281.217,4.013,11.477,146.531,2.455,703.257,22.026
247,10677.466,7.455,741.847,174.631,24850.625,336.716,9.941,328.522,8.227,22.703,186.105,3.55,282.928,8.193,9.593,131.38,3.204,311.588,11.793,15.153,8.235,5.444,286.115,10.621,7.806,569.832,5.114,724.718,15.49
248,10664.674,7.456,741.845,174.652,24856.751,330.585,9.93,328.52,18.674,17.264,181.107,3.539,282.928,9.304,9.654,130.221,3.191,311.589,13.702,15.467,6.023,5.433,286.114,10.827,12.637,564.807,5.104,724.716,24.786
249,10651.455,7.456,741.844,174.668,24861.952,325.373,9.926,328.519,18.715,21.452,176.883,3.534,282.928,9.32,10.004,129.86,3.186,311.589,13.742,15.644,5.811,5.428,286.115,10.865,13.098,564.312,5.099,724.716,24.824
25,695.64,3.266,739.586,211.294,88.162,346.379,9.04,327.445,25.531,19.469,307.356,4.155,287.107,7.103,7.307,34.729,3.142,305.429,8.536,8.171,22.23,3.371,319.979,8.539,9.633,28.406,3.078,747.673,20.921
250,10637.945,7.458,741.842,174.682,25201.833,342.443,4.89,284.219,2.3,41.778,161.017,1.041,280.436,2.361,15.189,169.264,0.956,311.228,6.616,15.191,1.52,1.33,301.132,5.161,4.47,253.87,5.097,724.715,24.859
251,10625.309,7.458,741.842,174.697,25559.678,308.276,8.595,309.318,7.935,26.238,112.713,3.263,286.225,8.3,10.385,190.481,3.459,315.864,7.74,16.889,5.171,2.524,310.628,2.58,11.658,654.72,4.12,708.011,22.92
252,10612.339,7.458,741.84,174.719,25569.458,298.489,8.585,309.317,17.292,20.704,108.899,3.253,286.227,10.21,10.085,188.881,3.448,315.864,9.596,21.527,321.055,3.649,284.168,11.033,10.856,350.036,4.109,708.011,27.818
253,10598.576,7.459,741.839,174.732,25569.953,297.985,8.581,309.316,17.332,26.335,103.232,3.249,286.227,10.25,10.221,188.721,3.432,315.864,9.634,21.81,320.747,3.641,284.166,12.669,10.528,348.73,4.104,708.011,27.856
254,10585.751,7.459,741.839,174.749,25881.783,321.164,5.163,301.777,4.517,53.651,64.19,1.093,281.753,2.373,13.093,229.568,1.041,282.761,2.37,7.291,49.289,3.636,284.166,12.707,11.023,348.2,4.103,708.009,27.889
255,10572.498,7.46,741.837,174.761,26222.249,333.8,9.833,330.059,8.01,26.451,2.629,2.25,286.049,2.406,10.05,214.3,0.908,279.728,2.263,8.693,63.52,1.016,288.056,2.459,7.472,60.4,4.099,708.009,27.919
256,10559.292,7.46,741.836,174.774,26232.444,323.601,9.829,330.057,19.78,19.63,293.189,2.358,282.839,4.469,7.959,208.452,2.146,280.805,4.635,8.847,66.993,2.201,280.948,5.184,7.919,508.047,3.317,702.169,7.923
257,10545.368,7.461,741.834,174.791,26233.061,322.97,9.829,330.055,19.823,23.159,289.628,2.349,282.84,6.175,7.739,206.976,2.135,280.806,6.414,7.474,66.597,2.191,280.948,6.846,6.649,507.665,3.306,702.17,20.744
258,10532.376,7.461,741.833,174.804,26582.533,332.98,9.52,284.843,2.334,31.46,276.064,0.855,280.657,3.179,18.731,200.651,1.214,281.415,2.404,11.567,67.454,1.025,280.699,2.228,12.014,218.493,3.302,702.17,20.782
259,10519.141,7.464,741.829,174.817,26943.477,290.023,8.903,307.821,7.768,22.631,235.72,3.134,284.193,17.322,13.786,180.532,3.148,282.613,7.924,9.885,60.611,3.864,284.53,10.616,9.987,639.839,5.106,704.409,41.15
26,682.292,3.264,739.585,211.307,454.804,341.564,5.933,292.971,2.43,40.817,283.069,1.052,289.829,5.874,19.167,43.242,1.355,289.403,6.506,9.152,55.851,1.432,288.797,4.22,7.571,507.643,2.321,754.412,7.106
260,10505.014,7.465,741.828,174.833,26958.81,274.683,8.896,307.822,15.622,23.717,226.797,3.116,284.193,19.348,12.295,180.008,3.138,282.612,9.632,9.541,59.258,3.854,284.53,12.254,9.529,638.668,5.097,704.409,43.93
261,10491.421,7.466,741.826,174.845,26959.375,274.108,8.895,307.821,15.661,27.96,222.519,3.112,284.194,19.386,14.383,177.886,3.133,282.612,9.671,9.691,59.074,3.849,284.531,12.29,9.853,638.312,5.092,704.409,43.969
262,11401.657,7.961,721.83,187.217,26333.085,315.909,5.612,285.806,2.328,31.713,231.729,1.343,287.506,3.162,15.694,179.983,0.979,302.396,6.214,10.804,49.058,0.937,282.828,4.004,8.43,352.132,5.088,704.409,44.002
263,11388.831,7.96,721.828,190.664,26667.846,293.122,8.901,308.618,11.632,22.978,192.629,3.157,285.003,15.695,10.765,185.932,4.148,316.038,7.607,13.077,4.476,2.419,283.119,5.211,8.727,57.105,5.085,704.409,44.032
264,11375.45,7.961,721.825,190.683,26668.418,292.541,8.897,308.616,21.502,19.132,186.614,3.148,285.003,17.521,9.19,185.691,4.137,316.039,9.388,11.621,4.162,2.407,283.12,7.762,6.578,56.704,5.081,704.408,44.063
265,11362.63,7.961,721.825,190.697,26679.147,281.801,8.895,308.614,21.544,25.245,180.464,3.143,285.003,17.56,9.465,185.382,4.132,316.039,9.426,16.013,292.867,1.715,282.02,2.146,6.971,523.845,2.577,711.381,4.204
266,11349.614,7.961,721.823,190.713,26974.646,325.141,5.789,304.795,2.303,31.749,166.802,1.112,284.383,2.418,15.359,221.17,1.355,308.067,5.237,12.009,269.834,0.971,279.943,2.383,10.835,235.133,2.57,711.379,18.928
267,11336.007,7.961,721.822,190.727,27314.766,319.996,9.372,309.255,8.378,20.451,127.649,3.245,284.49,16.373,10.124,232.824,3.388,308.751,8.574,9.139,234.799,3.083,283.779,14.155,9.676,661.831,8.53,729.661,30.402
268,11323.012,7.961,721.822,190.739,27319.926,314.833,9.367,309.253,16.312,17.703,122.474,3.234,284.49,18.12,9.81,231.418,3.361,308.751,10.355,8.799,233.369,3.072,283.778,15.97,9.245,660.459,8.52,729.661,36.899
269,11309.985,7.961,721.82,190.752,27325.273,309.477,9.365,309.252,16.352,21.883,118.258,3.231,284.489,18.157,10.126,231.071,3.356,308.75,10.393,9.27,232.865,3.066,283.779,16.01,9.566,660.102,8.516,729.66,36.929
27,669.175,3.261,739.586,211.317,814.863,315.948,8.962,304.43,15.661,21.834,250.615,6.251,321.323,14.807,12.462,3.373,2.43,321.86,5.193,13.817,5.276,1.182,298.224,4.653,5.135,204.383,2.313,754.412,36.505
270,11296.85,7.961,721.819,190.768,27649.234,320.266,5.314,281.362,2.242,30.309,126.824,1.66,284.406,2.396,13.108,262.119,1.133,279.972,2.456,16.483,244.935,1.356,303.372,2.424,11.417,351.29,8.514,729.659,36.955
271,11283.361,7.962,721.818,190.781,27984.317,294.982,8.471,307.05,8.243,22.774,86.799,4.643,282.588,13.475,9.115,250.744,3.369,288.039,7.583,9.806,256.383,3.049,283.516,10.644,8.906,49.572,8.511,729.659,36.978
272,11270.434,7.961,721.817,190.801,27994.415,284.879,8.46,307.048,17.972,17.834,82.021,4.633,282.588,15.19,7.792,250.362,3.359,288.038,9.401,8.43,255.954,3.038,283.515,11.73,9.41,47.983,8.508,729.658,37.001
273,11257.216,7.962,721.816,190.813,27995.038,284.249,8.456,307.047,18.013,22.548,77.271,4.628,282.588,15.229,9.225,248.893,3.356,288.038,9.439,14.161,250.19,3.032,283.516,11.748,9.769,47.61,8.504,729.658,37.023
274,11243.495,7.961,721.816,190.828,28292.981,319.58,6.127,284.712,2.38,31.743,77.352,1.081,282.526,2.259,12.513,260.567,1.305,305.837,2.094,14.435,239.048,1.076,280.668,2.252,11.554,536.849,5.031,704.299,12.953
275,11230.654,7.961,721.814,190.841,28627.591,300.216,8.658,302.308,8.429,21.597,39.864,6.255,286.881,10.324,10.295,270.051,3.693,284.631,8.345,10.762,227.105,3.947,290.467,11.113,9.6,226.804,5.026,704.298,18.315
276,11217.247,7.962,721.813,190.854,28637.554,290.255,8.646,302.308,18.264,17.225,34.411,6.245,286.881,12.084,10.164,268.432,3.683,284.63,10.158,10.561,225.506,3.935,290.467,12.87,9.298,225.349,5.023,704.298,18.353
277,11203.823,7.962,721.812,190.866,28638.151,289.651,8.642,302.307,18.312,22.045,29.548,6.24,286.881,12.135,10.569,267.981,3.678,284.63,10.201,10.716,225.312,3.931,290.467,12.916,9.616,224.987,5.022,704.297,18.386
278,12111.013,6.573,716.838,178.445,28040.488,314.828,6.019,285.463,2.331,35.334,27.74,1.303,283.722,2.543,4.138,285.348,1.051,282.806,2.463,5.798,251.217,1.407,282.893,2.292,6.342,669.329,3.372,703.641,15.571
279,12098.052,6.573,716.836,181.914,28366.805,303.892,8.823,310.344,8.197,23.019,2.447,2.187,291.832,2.377,12.926,240.808,0.926,280.152,2.311,7.88,252.653,0.923,280.441,2.41,8.367,381.675,3.363,703.641,24.22
28,656.076,3.258,739.585,211.329,815.454,315.361,8.95,304.43,26.232,14.244,247.64,6.246,321.322,16.619,16.422,335.192,4.114,311.065,15.08,23.148,3.351,2.388,321.76,2.548,24.283,609.914,19.464,741.666,53.566
280,12084.843,6.573,716.835,181.931,28377.463,293.228,8.816,310.343,18.59,17.13,302.016,2.837,282.61,5.254,7.373,234.752,2.243,282.589,4.476,9.275,245.766,2.31,281.152,6.041,8.772,88.346,3.359,703.641,24.258
281,12071.63,6.572,716.835,181.952,28378.049,292.623,8.815,310.342,18.631,21.321,297.799,2.825,282.609,7.052,5.948,234.39,2.233,282.588,6.161,7.808,245.56,2.298,281.153,7.999,7.203,87.958,3.355,703.641,24.291
282,12058.44,6.573,716.834,181.969,28684.929,323.293,5.608,284.005,2.418,29.732,289.911,1.074,281.787,2.491,12.823,233.162,0.961,284.967,2.384,10.305,246.189,1.108,282.972,2.335,11.923,528.003,4.421,720.835,13.527
283,12045.202,6.572,716.833,181.987,29023.104,296.09,8.79,303.157,11.933,21.24,249.015,3.726,283.502,8.769,11.873,224.123,3.317,282.876,7.863,10.047,240.206,4.022,284.038,12.366,9.693,222.623,4.413,720.84,23.25
284,12031.7,6.573,716.832,181.999,29032.781,286.413,8.782,303.157,21.087,16.872,244.238,3.715,283.503,13.385,8.62,222.77,3.307,282.876,9.672,9.908,238.549,4.009,284.038,14.203,9.401,221.079,4.409,720.84,23.288
285,11953.193,6.572,716.832,182.011,29033.345,285.84,8.78,303.155,21.127,21.18,239.895,3.711,283.503,13.42,8.929,222.431,3.301,282.877,9.711,10.264,238.16,4.003,284.038,14.242,9.733,220.712,4.405,720.84,23.322
286,11953.135,6.572,716.831,182.026,29333.542,318.479,5.752,305.944,6.655,31.776,211.61,0.871,282.36,2.213,11.107,230.702,1.075,303.518,2.315,12.467,231.323,1.019,303.683,5.023,10.344,658.877,4.367,705.212,19.73
287,11953.104,6.572,716.83,182.039,29666.632,325.898,8.745,328.532,13.332,22.968,139.562,3.407,282.867,8.258,9.433,245.664,3.466,282.998,7.176,11.162,247.404,3.042,304.534,10.658,12.569,332.347,4.357,705.212,28.292
288,11802.674,6.572,716.829,182.052,29680.526,312.011,8.729,328.531,23.457,18.378,134.035,3.398,282.868,10.165,8.988,244.212,3.455,282.998,8.99,9.617,247.147,3.031,304.533,15.315,8.338,331.924,4.352,705.212,28.325
289,11802.49,6.572,716.828,182.068,29681.735,310.789,8.727,328.53,23.5,22.216,130.158,3.394,282.868,10.204,9.645,243.521,3.45,282.998,9.026,9.913,246.82,3.026,304.534,15.35,9.908,330.321,4.349,705.212,28.354
29,642.955,3.255,739.585,211.341,824.52,306.288,8.945,304.431,26.261,16.352,245.505,6.243,321.326,16.652,16.568,335.021,4.105,311.065,27.642,14.212,345.47,9.289,293.288,42.396,20.536,249.645,19.46,741.665,61.345
290,11794.382,6.572,716.826,182.081,30006.267,346.773,5.439,280.764,2.936,31.439,128.3,1.043,279.802,3.141,15.75,248.92,1.089,282.727,2.199,10.121,283.499,1.278,292.816,2.379,10.622,33.321,4.345,705.212,28.382
291,11792.249,6.574,716.823,182.094,30373.995,289.838,9.264,306.406,12.472,24.311,80.657,4.406,284.84,9.01,9.633,237.417,4.232,288.672,11.779,9.547,276.369,4.125,283.927,9.027,9.444,468.925,5.917,704.793,13.064
292,11792.127,6.573,716.823,182.107,30378.962,284.869,9.258,306.404,24.685,16.778,75.987,4.396,284.84,11.001,8.985,236.084,4.221,288.672,13.586,9.123,274.999,4.113,283.928,10.942,8.988,467.473,5.91,704.791,26.43
293,11792.041,6.573,716.822,182.119,30379.435,284.386,9.257,306.403,24.724,22.341,70.389,4.393,284.839,11.04,9.122,235.913,4.216,288.672,13.623,9.674,274.416,4.108,283.927,10.984,9.323,467.101,5.907,704.79,26.472
294,12697.138,8.028,728.278,168.682,29772.911,326.441,6.099,288.97,2.896,30.826,64.226,0.99,282.671,2.081,11.281,254.541,1.167,285.917,2.248,8.45,285.303,1.071,298.349,2.302,8.175,166.727,5.904,704.79,26.508
295,12697.07,8.028,728.276,171.164,30111.851,304.172,8.52,308.175,14.597,21.303,13.131,2.012,282.967,4.742,8.85,254.404,2.04,283.529,4.77,9.136,295.96,2.915,283.805,12.845,10.311,597.941,-0.536,706.225,16.591
296,12697.001,8.028,728.275,171.179,30117.326,298.693,8.512,308.174,23.747,17.009,8.285,2.001,282.968,7.505,6.487,254.014,2.028,283.53,6.55,7.978,295.349,2.904,283.806,13.04,10.264,597.808,-0.552,706.229,38.486
297,12696.371,8.029,728.274,171.192,30122.457,293.553,8.508,308.174,23.787,27.649,289.922,1.757,282.29,2.379,6.62,259.573,0.991,281.294,2.304,5.918,12.972,2.899,283.806,13.077,10.55,597.49,-0.556,706.228,38.504
298,12696.28,8.028,728.273,171.214,30429.732,326.499,6.525,313.987,5.378,31.058,248.914,1.09,280.086,2.265,9.391,257.982,0.835,281.039,2.361,39.277,1.543,1.144,306.85,4.952,10.173,276.869,-0.558,706.228,38.52
299,12696.114,8.03,728.271,171.229,30776.767,326.645,8.558,330.13,10.215,21.316,176.864,4.528,280.486,8.049,8.298,271.547,3.82,290.699,14.404,12.18,12.141,4.601,304.968,9.344,13.526,692.88,10.449,710.581,28.38
30,629.174,3.253,739.586,211.351,1143.675,326.581,7.988,307.652,5.154,60.128,225.155,1.211,282.799,6.142,16.493,45.128,4.1,311.065,27.67,15.435,344.231,9.291,293.277,44.171,18.917,249.488,19.459,741.664,61.383
300,12696.014,8.03,728.27,171.241,30780.784,322.631,8.548,330.128,19.757,17.02,171.621,4.524,280.487,9.181,8.786,269.962,3.786,290.697,16.57,11.157,11.009,4.59,304.968,11.077,14.418,690.261,10.446,710.579,56.581
301,12695.736,8.03,728.269,171.255,30781.202,322.203,8.544,330.128,19.798,21.098,167.503,4.523,280.487,9.199,8.945,269.792,3.781,290.695,16.65,11.444,10.647,4.585,304.968,11.115,14.935,689.708,10.445,710.578,56.599
302,12688.561,8.03,728.267,171.267,31117.184,344.463,5.662,284.907,2.541,33.453,156.35,0.914,279.775,2.099,12.219,294.713,1.272,302.605,5.692,13.1,20.173,0.751,288.105,2.478,5.259,408.225,10.444,710.578,56.615
303,12674.92,8.031,728.266,171.277,31476.426,301.796,9.51,312.966,8.344,24.51,99.845,4.332,283.064,10.036,18.193,302.753,3.627,308.086,20.194,17.63,2.916,2.34,296.494,3.817,15.716,59.335,10.444,710.577,56.63
304,12661.845,8.031,728.264,171.291,31486.123,292.101,9.5,312.964,20.576,17.581,94.552,4.321,283.065,11.904,16.487,302.602,3.615,308.087,26.85,15.736,310.581,4.703,288.14,9.184,18.093,522.612,26.768,708.812,43.396
305,12648.199,8.032,728.263,171.305,31486.709,291.505,9.496,312.964,20.606,22.833,89.273,4.317,283.065,11.943,16.822,302.233,3.61,308.087,26.889,16.419,309.875,4.69,288.141,19.174,9.398,521.323,26.763,708.81,46.033
306,12634.475,8.032,728.262,171.317,31792.499,328.582,6.033,284.514,2.646,29.995,88.238,1.351,283.559,2.385,15.199,16.757,3.606,308.087,26.922,16.485,309.78,4.687,288.14,19.213,9.695,520.989,26.763,708.808,46.064
307,12621.07,8.032,728.261,171.337,32136.276,299.449,8.83,303.818,11.522,26.413,43.648,3.534,284.82,11.687,11.686,48.436,4.807,289.784,10.225,24.564,308.919,6.924,286.918,27.684,10.05,199.349,26.763,708.806,46.092
308,12607.966,8.033,728.26,171.354,32142.024,293.694,8.823,303.819,24.256,16.799,40.536,3.525,284.82,15.197,10.229,46.394,4.797,289.784,14.121,21.465,308.136,6.909,286.917,27.882,12.393,196.807,26.762,708.807,46.116
309,12594.651,8.033,728.259,171.37,32147.233,288.471,8.822,303.818,24.296,22.255,35.044,3.521,284.821,15.237,12.256,44.33,4.793,289.784,14.16,21.528,308.039,6.905,286.916,27.919,16.563,192.602,26.762,708.805,46.14
31,616.432,3.249,739.586,211.362,1486.941,356.622,13.654,335.413,13.107,31.716,140.438,4.942,317.032,11.892,13.056,45.952,5.757,296.255,12.737,14.221,30.864,9.289,293.276,44.21,22.244,246.124,19.459,741.661,61.418
310,13488.788,5.172,721.071,63.628,31658.68,324.181,8.175,288.462,5.59,44.85,13.832,2.368,287.047,5.174,7.83,62.892,2.0,289.444,4.675,6.567,27.092,6.902,286.916,27.95,25.977,183.158,26.761,708.805,46.178
311,13475.797,5.171,721.069,63.772,31658.955,323.773,8.165,288.461,41.697,12.268,10.316,2.358,287.048,5.385,7.761,62.763,1.987,289.444,4.865,8.153,25.316,6.899,286.916,27.98,26.531,182.575,26.761,708.803,46.202
312,13461.325,5.172,721.067,63.824,32003.472,317.389,12.022,312.023,34.458,31.608,4.571,3.334,297.744,2.305,26.116,1.716,2.057,297.787,2.4,25.41,1.682,1.309,304.259,5.105,5.097,659.154,3.102,709.775,5.027
313,13448.675,5.172,721.066,63.861,32003.728,317.106,12.016,312.022,47.742,23.018,322.461,11.935,289.527,16.672,19.267,5.035,2.766,294.968,2.218,33.403,1.552,1.313,312.413,4.744,5.087,311.998,3.095,709.774,31.065
314,13435.351,5.172,721.064,63.892,32007.865,312.941,12.015,312.022,47.772,25.333,320.126,11.929,289.525,21.634,19.606,328.179,10.574,291.907,60.885,17.027,3.642,3.629,312.735,2.309,38.485,644.608,16.437,699.026,49.065
315,13422.081,5.172,721.064,63.917,32008.062,312.719,12.014,312.021,47.798,27.817,317.621,11.926,289.524,21.671,22.551,325.207,10.568,291.906,61.382,23.42,348.931,17.573,293.237,30.852,11.06,296.872,16.432,699.024,49.333
316,13408.478,5.171,721.064,63.951,32008.648,312.101,12.013,312.02,47.822,28.129,317.288,11.923,289.524,21.704,22.991,324.736,10.567,291.905,61.421,25.663,346.66,17.568,293.234,31.046,13.571,294.166,16.431,699.023,49.371
317,13394.287,5.172,721.062,63.977,32330.545,361.788,9.127,305.823,5.335,28.876,319.435,2.695,289.669,7.795,9.778,38.008,10.567,291.904,61.454,25.811,346.481,17.567,293.233,31.084,15.634,292.067,16.43,699.021,49.404
318,13380.991,5.171,721.062,63.998,32333.886,358.44,9.118,305.821,11.491,22.836,319.327,2.687,289.669,7.998,9.993,37.588,10.567,291.903,61.485,31.298,340.965,17.566,293.232,31.119,19.142,288.526,16.429,699.02,49.434
319,13367.754,5.172,721.061,64.019,32711.136,307.432,3.321,287.28,5.466,5.058,41.209,2.683,289.67,8.037,12.676,34.867,10.566,291.902,61.515,31.595,340.639,17.565,293.232,31.15,19.279,288.36,16.428,699.019,49.463
32,603.275,3.247,739.586,211.373,1487.362,356.199,13.649,335.412,29.144,20.244,135.879,4.936,317.032,13.785,13.217,43.907,5.748,296.256,14.403,12.707,30.71,9.287,293.276,44.241,24.653,243.685,19.458,741.662,61.448
33,590.069,3.244,739.586,211.383,1491.822,351.73,13.649,335.411,29.178,25.993,130.099,4.933,317.032,13.823,13.36,43.729,5.746,296.255,14.44,13.105,30.277,9.286,293.275,44.27,25.017,243.295,19.457,741.659,61.479
34,575.997,3.242,739.586,211.395,1855.711,365.866,9.423,291.585,2.323,56.611,131.955,1.104,290.237,2.678,18.517,61.012,1.684,284.943,2.19,16.56,84.744,2.176,313.452,2.446,8.753,764.019,5.484,732.1,32.277
35,562.949,3.238,739.587,211.406,2239.532,331.354,10.607,310.415,12.681,29.85,86.288,4.171,288.59,14.904,12.679,45.897,4.264,286.865,12.988,12.168,95.803,4.073,283.97,10.683,10.302,459.906,5.478,732.097,37.547
36,549.748,3.234,739.586,211.418,2244.837,326.053,10.596,310.414,29.611,18.062,81.153,4.164,288.59,16.805,11.034,45.651,4.253,286.866,14.706,11.685,94.574,4.067,283.97,12.314,8.87,459.709,5.474,732.096,37.587
37,536.546,3.243,739.575,211.428,2249.532,321.353,10.592,310.412,29.642,23.221,75.966,4.162,288.589,16.843,11.304,45.348,4.248,286.866,14.745,12.011,94.211,4.065,283.97,12.351,11.848,456.696,5.473,732.095,37.618
38,1477.646,7.832,745.155,197.858,1635.989,334.78,6.344,290.031,5.94,43.427,63.025,1.151,288.646,2.624,5.4,64.711,1.233,305.395,6.344,6.754,86.902,1.091,283.891,2.282,6.252,175.193,5.47,732.094,37.65
39,1464.455,7.832,745.154,201.318,1982.882,320.479,20.767,333.446,12.205,22.861,3.596,2.657,296.516,2.509,10.824,44.391,1.031,311.242,4.272,9.735,54.724,1.101,280.824,2.387,19.145,651.27,2.861,716.423,15.633
40,1450.779,7.833,745.152,201.332,1988.166,315.195,20.757,333.445,22.097,18.16,305.902,2.282,283.095,6.506,8.317,70.199,2.808,305.461,5.938,19.095,14.556,1.803,281.169,4.82,8.212,370.88,2.852,716.429,20.047
41,1437.842,7.833,745.152,201.345,1994.411,308.942,20.751,333.445,22.137,24.152,299.882,2.273,283.096,8.213,7.015,69.804,2.795,305.464,7.842,17.719,14.039,1.79,281.169,6.436,7.119,370.359,2.848,716.429,20.086
42,1424.629,7.834,745.15,201.357,2318.107,361.344,6.323,286.048,4.462,58.978,261.886,1.286,283.685,2.805,15.011,90.11,1.078,281.702,6.258,14.069,18.093,1.004,286.907,2.403,5.108,82.178,2.846,716.428,20.119
43,1411.569,7.834,745.148,201.369,2694.966,330.577,10.15,315.694,11.597,24.45,206.863,3.159,288.916,13.732,10.8,76.793,3.78,310.47,15.575,11.779,2.613,1.829,292.584,2.317,11.047,488.271,2.667,703.124,9.395
44,1398.279,7.835,745.147,201.381,2706.837,318.703,10.146,315.692,24.323,17.424,201.173,3.148,288.917,15.606,10.378,75.35,3.769,310.471,17.202,13.882,299.235,3.788,281.398,6.82,8.941,194.76,2.656,703.125,20.049
45,1385.407,7.833,745.147,201.403,2707.047,318.472,10.146,315.69,24.353,22.741,195.831,3.143,288.917,15.643,10.702,74.994,3.764,310.471,17.239,14.355,298.733,3.784,281.397,8.574,7.59,194.358,2.653,703.124,20.077
46,1372.277,7.833,745.146,201.414,3038.758,336.75,6.31,287.536,2.504,65.26,164.672,1.082,283.734,2.349,13.782,116.239,1.254,288.334,2.563,23.262,291.443,1.569,284.808,2.335,11.697,627.344,6.11,706.151,46.431
47,1358.939,7.833,745.145,201.425,3392.138,327.879,10.25,309.921,11.947,23.818,122.319,3.529,285.089,13.878,10.145,112.915,5.466,292.44,13.401,11.349,274.783,3.461,285.025,12.43,20.876,310.539,6.091,706.15,50.933
48,1345.781,7.834,745.144,201.44,3401.563,318.448,10.246,309.919,23.215,17.97,116.907,3.52,285.09,15.555,10.16,111.236,5.453,292.44,15.085,11.122,273.338,3.449,285.025,15.246,20.029,308.57,6.088,706.15,50.972
49,1332.97,7.834,745.143,201.451,3402.143,317.858,10.246,309.918,23.254,23.179,111.663,3.516,285.09,15.592,10.51,110.854,5.449,292.438,15.122,11.298,273.131,3.444,285.025,15.286,20.185,308.377,6.086,706.149,51.005
50,1319.95,7.833,745.143,201.462,3742.285,320.909,6.411,290.819,5.432,60.892,75.525,1.261,305.214,5.876,5.085,116.937,1.078,283.214,2.223,6.155,295.492,1.582,299.102,4.38,10.41,13.288,6.083,706.149,51.036
51,1306.825,7.835,745.141,201.474,4079.515,337.253,13.01,357.018,12.278,30.498,2.925,1.718,317.176,4.468,10.544,58.342,0.798,280.636,2.365,9.678,6.587,1.572,299.102,8.232,6.974,12.871,6.081,706.149,51.067
52,1293.717,7.834,745.141,201.485,4090.15,326.622,13.001,357.016,29.096,18.626,327.68,2.463,305.399,6.433,7.951,27.396,2.351,282.521,5.014,8.343,23.473,2.45,287.968,4.803,9.181,478.6,7.452,713.318,7.953
53,1280.816,7.835,745.139,201.496,4090.543,326.223,12.997,357.015,29.161,24.362,321.891,2.453,305.4,8.225,6.563,27.003,2.34,282.521,6.641,7.124,23.078,2.436,287.969,6.641,7.554,478.398,7.445,713.316,14.88
54,2221.857,7.563,718.485,184.341,3522.142,383.494,6.511,295.715,2.382,63.545,294.247,1.071,289.078,6.942,13.072,14.933,1.309,280.145,2.353,4.787,38.622,1.408,283.069,5.364,4.367,191.902,7.442,713.314,14.92
55,2208.575,7.562,718.483,187.546,3919.171,341.896,9.772,312.103,8.354,32.307,247.143,3.827,313.686,9.949,11.408,2.371,2.357,296.437,1.994,10.312,1.866,1.312,308.956,2.028,14.611,586.842,6.137,734.693,18.313
56,2195.599,7.558,718.481,187.56,3924.738,336.329,9.764,312.099,16.987,24.088,246.739,3.818,313.686,11.65,12.294,304.311,2.804,281.915,10.611,21.083,14.394,3.824,287.539,9.153,17.08,273.795,6.126,734.695,33.39
57,2182.466,7.557,718.481,187.572,3930.266,330.799,9.755,312.1,17.023,28.633,242.161,3.813,313.687,11.687,12.634,303.942,2.797,281.917,19.773,12.374,13.95,3.815,287.538,16.913,9.474,273.643,6.122,734.695,33.431
58,2169.286,7.558,718.479,187.584,4275.61,324.119,7.41,289.487,2.734,40.258,260.11,0.997,283.296,2.099,10.394,19.976,2.794,281.918,19.812,12.487,13.803,3.81,287.537,16.958,9.869,273.209,6.117,734.694,33.468
59,2156.12,7.558,718.478,187.596,4625.163,304.13,9.331,304.268,11.005,20.754,217.469,4.512,289.314,8.386,9.959,16.485,3.375,288.231,8.716,9.461,24.809,4.669,292.64,8.316,11.236,740.447,12.776,717.278,30.674
60,2142.965,7.558,718.476,187.609,4631.102,298.187,9.327,304.267,19.531,17.976,211.728,4.505,289.314,10.181,8.615,16.046,3.363,288.231,10.387,9.481,23.131,4.656,292.64,10.086,9.605,740.318,12.769,717.275,33.049
61,2129.991,7.56,718.475,187.618,4631.743,297.537,9.325,304.267,19.567,20.343,209.329,4.501,289.314,10.22,10.248,14.379,3.358,288.23,10.425,9.986,22.594,4.652,292.639,10.127,9.915,739.972,12.765,717.274,33.08
62,2116.75,7.56,718.474,187.629,4943.308,318.935,15.708,309.249,5.185,36.783,166.781,1.104,282.855,3.954,14.875,23.881,1.433,284.467,3.197,13.767,37.102,1.347,281.596,2.225,11.045,453.867,12.762,717.273,33.105
63,2103.527,7.56,718.472,187.641,5277.869,343.875,10.052,330.688,8.276,19.774,103.414,5.691,287.555,10.803,10.915,11.897,3.768,285.5,9.863,11.328,22.893,3.14,282.975,10.426,9.565,152.389,12.76,717.272,33.131
64,2090.283,7.561,718.471,187.653,5286.8,334.941,10.048,330.686,17.141,12.825,101.507,5.682,287.555,12.529,9.459,11.636,3.758,285.501,11.501,9.956,22.639,3.128,282.975,12.156,8.399,151.826,12.758,717.27,33.155
65,2077.028,7.561,718.47,187.664,5286.934,334.798,10.048,330.69,17.177,16.826,97.468,5.678,287.556,12.566,9.875,11.186,3.754,285.502,11.536,10.24,22.323,3.124,282.976,12.195,10.322,149.867,12.755,717.27,33.177
66,2063.979,7.562,718.47,187.674,5634.488,344.949,7.889,287.883,5.751,50.902,67.691,1.016,298.437,6.818,5.297,10.297,1.165,310.935,4.854,4.602,9.276,1.19,304.516,5.134,4.968,607.503,1.638,707.449,4.993
67,2051.054,7.562,718.469,187.684,6000.964,323.58,19.614,332.938,8.911,25.631,2.327,1.811,319.007,5.791,8.658,1.476,1.144,309.455,5.283,13.478,1.514,1.084,308.829,4.698,5.332,274.035,1.631,707.449,7.699
68,2037.62,7.562,718.467,187.696,6001.102,323.442,19.607,332.937,17.88,19.073,331.006,2.681,316.823,8.143,10.276,2.248,2.404,306.606,5.983,9.533,1.558,1.449,309.933,4.536,5.252,659.688,1.942,703.346,5.647
69,2024.411,7.562,718.466,187.709,6001.512,323.022,19.604,332.937,17.948,19.242,330.78,2.673,316.823,8.335,12.538,319.719,3.228,315.809,8.244,13.174,2.606,2.018,308.797,5.186,19.939,308.025,1.933,703.346,31.546
70,2924.58,8.102,719.732,173.137,5435.988,358.096,5.431,286.652,2.39,39.741,16.047,2.669,316.823,8.376,12.969,319.261,3.217,315.809,11.621,12.513,323.625,3.757,307.847,20.951,11.786,712.564,14.321,714.723,58.333
71,2911.566,8.102,719.731,178.021,5805.355,309.988,9.711,314.775,9.4,23.342,2.291,2.028,292.905,2.365,9.178,18.224,3.21,315.809,11.659,12.698,323.421,3.741,307.847,22.753,13.275,709.278,14.318,714.722,60.618
72,2898.445,8.103,719.729,178.035,5808.34,307.004,9.702,314.772,18.117,19.324,299.186,11.223,280.543,5.293,8.962,47.567,2.181,289.911,4.46,9.465,30.301,3.736,307.846,22.792,18.225,704.29,14.318,714.721,60.636
73,2885.401,8.104,719.728,178.047,5808.88,306.458,9.698,314.77,18.176,19.454,299.008,11.214,280.543,7.027,7.642,47.165,2.169,289.912,6.265,12.363,25.599,3.731,307.847,22.826,22.294,700.189,14.317,714.72,60.65
74,2872.575,8.104,719.727,178.059,6127.453,330.301,6.338,283.837,2.438,49.476,275.226,0.918,281.162,2.272,11.599,57.204,1.076,280.983,2.149,10.419,77.661,1.166,292.222,2.319,10.703,416.298,14.316,714.719,60.665
75,2859.303,8.105,719.725,178.072,6472.714,318.582,9.67,308.076,8.728,26.841,221.534,3.311,284.563,11.688,9.769,42.945,3.647,284.705,9.581,10.067,76.094,3.335,283.056,9.956,16.374,107.972,14.316,714.718,60.679
76,2846.061,8.105,719.724,178.083,6476.665,314.639,9.656,308.074,24.019,13.866,219.227,3.301,284.564,13.435,9.161,41.816,3.636,284.706,9.764,11.399,74.589,3.325,283.056,12.042,14.441,107.818,14.315,714.717,60.693
77,2831.385,8.106,719.723,178.094,6477.33,313.968,9.652,308.073,24.074,16.986,216.056,3.298,284.563,13.493,9.471,41.453,3.631,284.706,9.8,11.556,74.401,3.319,283.057,12.08,14.537,107.686,14.314,714.716,60.71
78,2818.369,8.103,719.722,178.105,6810.85,322.013,5.717,286.724,2.531,50.381,189.064,1.237,326.247,6.801,22.091,1.48,1.168,288.333,2.387,5.032,78.69,1.298,283.49,2.166,6.006,618.997,7.013,725.075,4.823
79,2806.12,8.105,719.72,178.118,7150.784,312.64,10.379,309.01,8.303,23.417,196.995,4.287,318.691,11.529,13.161,2.57,2.171,295.68,2.274,9.235,18.225,0.945,280.457,2.32,5.046,334.578,7.011,725.073,24.669
80,2792.912,8.105,719.719,178.128,7154.467,308.956,10.376,309.007,19.572,15.642,193.51,4.277,318.692,13.351,14.962,303.884,3.497,283.333,15.048,17.33,2.477,1.956,287.564,2.438,32.681,756.263,6.316,711.804,51.664
81,2779.732,8.105,719.717,178.141,7154.931,308.481,10.376,309.007,19.604,19.7,189.423,4.274,318.691,13.388,15.387,303.434,3.487,283.334,22.87,12.212,296.567,4.237,282.764,6.448,12.737,477.93,6.309,711.803,63.641
82,2766.352,8.105,719.716,178.152,7483.583,318.628,5.847,286.986,2.135,37.221,213.273,1.11,289.06,2.354,14.841,11.651,3.483,283.334,22.908,12.605,296.152,4.223,282.765,12.689,6.891,477.535,6.307,711.802,63.68
83,2753.107,8.106,719.718,178.159,7820.646,306.552,9.578,308.626,7.903,26.417,170.608,3.396,283.364,11.351,9.121,18.649,3.942,314.477,10.751,17.448,261.817,3.533,285.174,14.527,12.753,168.634,6.305,711.802,63.711
84,2740.149,8.105,719.717,178.172,7826.031,301.164,9.573,308.625,16.106,20.127,168.703,3.388,283.364,13.189,8.674,17.268,3.932,314.477,12.704,15.957,261.367,3.52,285.174,16.529,10.932,168.452,6.304,711.802,63.743
85,2726.944,8.105,719.716,178.183,7826.682,300.504,9.573,308.623,16.144,23.004,165.792,3.384,283.364,13.226,8.995,16.915,3.927,314.477,12.743,16.069,261.239,3.496,285.176,16.567,11.223,168.125,6.302,711.8,63.776
86,3619.401,7.132,750.57,153.489,7228.372,322.062,5.31,282.666,2.202,35.666,162.942,1.489,283.278,2.313,16.132,53.822,1.159,283.834,2.209,14.725,280.627,1.285,305.688,5.706,12.871,635.554,7.97,716.248,17.054
87,3606.005,7.131,750.568,156.869,7570.955,294.823,9.208,308.742,8.771,17.714,123.665,3.269,288.128,11.717,9.668,43.773,3.748,284.744,11.095,9.966,295.715,3.073,305.178,10.568,10.276,311.746,7.962,716.246,32.331
88,3592.75,7.131,750.568,156.888,7574.566,291.203,9.202,308.74,17.163,12.53,120.473,3.252,288.131,13.545,9.494,42.128,3.738,284.742,12.949,9.743,294.102,3.055,305.178,12.55,9.88,310.161,7.96,716.245,32.371
89,3579.492,7.133,750.568,156.899,7574.759,291.0,9.2,308.739,17.21,14.73,118.23,3.248,288.131,13.583,9.916,41.671,3.735,284.742,13.016,10.08,293.703,3.05,305.178,12.59,10.034,309.971,7.957,716.243,32.414
90,3566.294,7.133,750.566,156.912,7877.378,323.307,5.961,283.477,7.163,35.999,105.352,1.957,282.973,2.182,13.92,52.025,1.103,312.101,6.16,20.4,284.853,1.354,289.525,2.374,42.873,740.401,5.347,711.315,29.502
91,3552.938,7.132,750.565,156.925,8216.629,309.207,21.892,332.522,8.5,20.327,26.024,5.783,285.696,12.637,13.793,69.368,4.744,312.369,11.589,11.061,253.479,4.228,284.399,11.997,14.028,462.567,5.337,711.313,35.71
92,3539.582,7.133,750.565,156.936,8221.89,303.944,21.886,332.522,18.343,12.717,23.798,5.775,285.696,14.409,12.171,69.231,4.73,312.37,13.398,10.629,252.112,4.217,284.4,13.781,12.463,462.349,5.334,711.312,35.748
93,3526.275,7.133,750.564,156.947,8222.531,303.294,21.885,332.521,18.383,14.916,21.563,5.771,285.696,14.446,12.274,69.096,4.725,312.37,13.437,10.98,251.727,4.212,284.4,13.821,17.213,457.563,5.331,711.31,35.783
94,3512.928,7.133,750.562,156.961,8537.692,360.685,5.105,285.676,2.032,36.842,12.772,1.853,285.632,2.266,5.359,116.804,1.108,291.021,2.449,7.333,263.214,0.994,285.164,2.167,6.311,180.336,5.328,711.31,35.812
95,3499.384,7.133,750.561,156.973,8916.815,304.077,9.277,309.742,8.865,25.787,2.253,3.766,294.381,2.257,11.18,60.735,0.899,280.815,2.539,10.622,263.719,0.889,300.796,2.374,7.741,625.443,4.067,714.702,19.842
96,3486.137,7.133,750.56,156.986,8921.335,299.553,9.275,309.738,20.759,17.631,305.307,5.545,285.796,5.873,13.643,43.506,2.302,282.104,6.215,9.136,277.352,2.819,282.717,5.595,10.367,328.403,4.06,714.7,27.258
97,3473.155,7.133,750.559,156.997,8921.902,298.977,9.274,309.737,20.802,20.424,302.483,5.536,285.796,7.755,12.325,42.952,2.291,282.105,8.657,7.084,276.973,2.807,282.718,7.911,8.459,327.995,4.058,714.699,27.298
98,3460.127,7.134,750.559,157.008,9233.224,327.233,5.635,287.563,2.402,35.096,291.359,1.227,282.66,2.137,13.858,48.456,1.22,283.722,2.672,14.082,275.804,1.132,282.595,2.359,10.631,39.887,4.055,714.699,27.331
99,3446.876,7.134,750.557,157.021,9573.756,310.992,10.358,317.704,12.063,22.735,229.787,4.351,286.97,12.901,11.298,34.403,4.64,286.193,8.194,11.163,263.083,4.501,281.77,8.439,10.521,484.948,4.145,728.252,16.504
